start_time,away_team,home_team,away_team_score,home_team_score
2016-10-25 23:30:00+00:00,NEW YORK KNICKS,CLEVELAND CAVALIERS,88,117
2016-10-26 02:00:00+00:00,UTAH JAZZ,PORTLAND TRAIL BLAZERS,104,113
2016-10-26 02:30:00+00:00,SAN ANTONIO SPURS,GOLDEN STATE WARRIORS,129,100
2016-10-26 23:00:00+00:00,DALLAS MAVERICKS,INDIANA PACERS,121,130
2016-10-26 23:00:00+00:00,MIAMI HEAT,ORLANDO MAGIC,108,96
2016-10-26 23:30:00+00:00,DETROIT PISTONS,TORONTO RAPTORS,91,109
2016-10-26 23:30:00+00:00,BROOKLYN NETS,BOSTON CELTICS,117,122
2016-10-27 00:00:00+00:00,CHARLOTTE HORNETS,MILWAUKEE BUCKS,107,96
2016-10-27 00:00:00+00:00,DENVER NUGGETS,NEW ORLEANS PELICANS,107,102
2016-10-27 00:00:00+00:00,MINNESOTA TIMBERWOLVES,MEMPHIS GRIZZLIES,98,102
2016-10-27 00:00:00+00:00,OKLAHOMA CITY THUNDER,PHILADELPHIA 76ERS,103,97
2016-10-27 02:00:00+00:00,SACRAMENTO KINGS,PHOENIX SUNS,113,94
2016-10-27 02:30:00+00:00,HOUSTON ROCKETS,LOS ANGELES LAKERS,114,120
2016-10-27 23:30:00+00:00,WASHINGTON WIZARDS,ATLANTA HAWKS,99,114
2016-10-28 00:00:00+00:00,BOSTON CELTICS,CHICAGO BULLS,99,105
2016-10-28 02:30:00+00:00,LOS ANGELES CLIPPERS,PORTLAND TRAIL BLAZERS,114,106
2016-10-28 02:30:00+00:00,SAN ANTONIO SPURS,SACRAMENTO KINGS,102,94
2016-10-28 23:00:00+00:00,CLEVELAND CAVALIERS,TORONTO RAPTORS,94,91
2016-10-28 23:30:00+00:00,INDIANA PACERS,BROOKLYN NETS,94,103
2016-10-28 23:30:00+00:00,ORLANDO MAGIC,DETROIT PISTONS,82,108
2016-10-29 00:00:00+00:00,PHOENIX SUNS,OKLAHOMA CITY THUNDER,110,113
2016-10-29 00:00:00+00:00,CHARLOTTE HORNETS,MIAMI HEAT,97,91
2016-10-29 00:30:00+00:00,HOUSTON ROCKETS,DALLAS MAVERICKS,106,98
2016-10-29 01:00:00+00:00,LOS ANGELES LAKERS,UTAH JAZZ,89,96
2016-10-29 01:30:00+00:00,GOLDEN STATE WARRIORS,NEW ORLEANS PELICANS,122,114
2016-10-29 16:30:00+00:00,ATLANTA HAWKS,PHILADELPHIA 76ERS,104,72
2016-10-29 23:00:00+00:00,BOSTON CELTICS,CHARLOTTE HORNETS,104,98
2016-10-29 23:30:00+00:00,ORLANDO MAGIC,CLEVELAND CAVALIERS,99,105
2016-10-29 23:30:00+00:00,MEMPHIS GRIZZLIES,NEW YORK KNICKS,104,111
2016-10-30 00:00:00+00:00,NEW ORLEANS PELICANS,SAN ANTONIO SPURS,79,98
2016-10-30 00:00:00+00:00,BROOKLYN NETS,MILWAUKEE BUCKS,108,110
2016-10-30 00:00:00+00:00,INDIANA PACERS,CHICAGO BULLS,101,118
2016-10-30 01:00:00+00:00,PORTLAND TRAIL BLAZERS,DENVER NUGGETS,115,113
2016-10-30 02:30:00+00:00,MINNESOTA TIMBERWOLVES,SACRAMENTO KINGS,103,106
2016-10-30 20:30:00+00:00,UTAH JAZZ,LOS ANGELES CLIPPERS,75,88
2016-10-30 22:00:00+00:00,MILWAUKEE BUCKS,DETROIT PISTONS,83,98
2016-10-30 22:00:00+00:00,SAN ANTONIO SPURS,MIAMI HEAT,106,99
2016-10-30 22:00:00+00:00,GOLDEN STATE WARRIORS,PHOENIX SUNS,106,100
2016-10-30 23:00:00+00:00,LOS ANGELES LAKERS,OKLAHOMA CITY THUNDER,96,113
2016-10-31 00:00:00+00:00,DALLAS MAVERICKS,HOUSTON ROCKETS,92,93
2016-10-31 00:00:00+00:00,WASHINGTON WIZARDS,MEMPHIS GRIZZLIES,103,112
2016-10-31 23:30:00+00:00,SACRAMENTO KINGS,ATLANTA HAWKS,95,106
2016-10-31 23:30:00+00:00,CHICAGO BULLS,BROOKLYN NETS,118,88
2016-10-31 23:30:00+00:00,DENVER NUGGETS,TORONTO RAPTORS,102,105
2016-11-01 02:30:00+00:00,PHOENIX SUNS,LOS ANGELES CLIPPERS,98,116
2016-11-01 22:00:00+00:00,HOUSTON ROCKETS,CLEVELAND CAVALIERS,120,128
2016-11-01 23:00:00+00:00,LOS ANGELES LAKERS,INDIANA PACERS,108,115
2016-11-01 23:00:00+00:00,ORLANDO MAGIC,PHILADELPHIA 76ERS,103,101
2016-11-01 23:30:00+00:00,NEW YORK KNICKS,DETROIT PISTONS,89,102
2016-11-01 23:30:00+00:00,SACRAMENTO KINGS,MIAMI HEAT,96,108
2016-11-02 00:00:00+00:00,MEMPHIS GRIZZLIES,MINNESOTA TIMBERWOLVES,80,116
2016-11-02 00:00:00+00:00,MILWAUKEE BUCKS,NEW ORLEANS PELICANS,117,113
2016-11-02 00:30:00+00:00,UTAH JAZZ,SAN ANTONIO SPURS,106,91
2016-11-02 02:00:00+00:00,GOLDEN STATE WARRIORS,PORTLAND TRAIL BLAZERS,127,104
2016-11-02 23:00:00+00:00,PHILADELPHIA 76ERS,CHARLOTTE HORNETS,93,109
2016-11-02 23:00:00+00:00,TORONTO RAPTORS,WASHINGTON WIZARDS,113,103
2016-11-02 23:30:00+00:00,LOS ANGELES LAKERS,ATLANTA HAWKS,123,116
2016-11-02 23:30:00+00:00,DETROIT PISTONS,BROOKLYN NETS,101,109
2016-11-02 23:30:00+00:00,HOUSTON ROCKETS,NEW YORK KNICKS,118,99
2016-11-03 00:00:00+00:00,CHICAGO BULLS,BOSTON CELTICS,100,107
2016-11-03 00:00:00+00:00,NEW ORLEANS PELICANS,MEMPHIS GRIZZLIES,83,89
2016-11-03 01:00:00+00:00,DALLAS MAVERICKS,UTAH JAZZ,81,97
2016-11-03 02:00:00+00:00,PORTLAND TRAIL BLAZERS,PHOENIX SUNS,115,118
2016-11-03 02:30:00+00:00,OKLAHOMA CITY THUNDER,LOS ANGELES CLIPPERS,85,83
2016-11-03 23:00:00+00:00,SACRAMENTO KINGS,ORLANDO MAGIC,94,102
2016-11-04 00:00:00+00:00,BOSTON CELTICS,CLEVELAND CAVALIERS,122,128
2016-11-04 00:00:00+00:00,INDIANA PACERS,MILWAUKEE BUCKS,107,125
2016-11-04 00:00:00+00:00,DENVER NUGGETS,MINNESOTA TIMBERWOLVES,102,99
2016-11-04 02:30:00+00:00,OKLAHOMA CITY THUNDER,GOLDEN STATE WARRIORS,96,122
2016-11-04 23:00:00+00:00,ATLANTA HAWKS,WASHINGTON WIZARDS,92,95
2016-11-04 23:30:00+00:00,CHARLOTTE HORNETS,BROOKLYN NETS,99,95
2016-11-04 23:30:00+00:00,MIAMI HEAT,TORONTO RAPTORS,87,96
2016-11-05 00:00:00+00:00,NEW YORK KNICKS,CHICAGO BULLS,117,104
2016-11-05 00:00:00+00:00,LOS ANGELES CLIPPERS,MEMPHIS GRIZZLIES,99,88
2016-11-05 00:00:00+00:00,PHOENIX SUNS,NEW ORLEANS PELICANS,112,111
2016-11-05 00:30:00+00:00,PORTLAND TRAIL BLAZERS,DALLAS MAVERICKS,105,95
2016-11-05 01:00:00+00:00,SAN ANTONIO SPURS,UTAH JAZZ,100,86
2016-11-05 02:30:00+00:00,GOLDEN STATE WARRIORS,LOS ANGELES LAKERS,97,117
2016-11-05 22:00:00+00:00,MINNESOTA TIMBERWOLVES,OKLAHOMA CITY THUNDER,92,112
2016-11-05 23:00:00+00:00,DENVER NUGGETS,DETROIT PISTONS,86,103
2016-11-05 23:00:00+00:00,CHICAGO BULLS,INDIANA PACERS,94,111
2016-11-05 23:00:00+00:00,WASHINGTON WIZARDS,ORLANDO MAGIC,86,88
2016-11-05 23:00:00+00:00,CLEVELAND CAVALIERS,PHILADELPHIA 76ERS,102,101
2016-11-05 23:30:00+00:00,HOUSTON ROCKETS,ATLANTA HAWKS,97,112
2016-11-06 00:00:00+00:00,SACRAMENTO KINGS,MILWAUKEE BUCKS,91,117
2016-11-06 00:30:00+00:00,LOS ANGELES CLIPPERS,SAN ANTONIO SPURS,116,92
2016-11-06 17:00:00+00:00,UTAH JAZZ,NEW YORK KNICKS,114,109
2016-11-06 20:30:00+00:00,PORTLAND TRAIL BLAZERS,MEMPHIS GRIZZLIES,100,94
2016-11-06 23:00:00+00:00,SACRAMENTO KINGS,TORONTO RAPTORS,96,91
2016-11-07 00:00:00+00:00,MILWAUKEE BUCKS,DALLAS MAVERICKS,75,86
2016-11-07 00:30:00+00:00,DENVER NUGGETS,BOSTON CELTICS,123,107
2016-11-07 02:30:00+00:00,PHOENIX SUNS,LOS ANGELES LAKERS,108,119
2016-11-08 00:00:00+00:00,INDIANA PACERS,CHARLOTTE HORNETS,100,122
2016-11-08 00:00:00+00:00,UTAH JAZZ,PHILADELPHIA 76ERS,109,84
2016-11-08 00:00:00+00:00,HOUSTON ROCKETS,WASHINGTON WIZARDS,114,106
2016-11-08 01:00:00+00:00,ORLANDO MAGIC,CHICAGO BULLS,80,112
2016-11-08 01:00:00+00:00,MIAMI HEAT,OKLAHOMA CITY THUNDER,85,97
2016-11-08 03:30:00+00:00,NEW ORLEANS PELICANS,GOLDEN STATE WARRIORS,106,116
2016-11-08 03:30:00+00:00,DETROIT PISTONS,LOS ANGELES CLIPPERS,82,114
2016-11-09 00:00:00+00:00,ATLANTA HAWKS,CLEVELAND CAVALIERS,110,106
2016-11-09 00:30:00+00:00,MINNESOTA TIMBERWOLVES,BROOKLYN NETS,110,119
2016-11-09 01:00:00+00:00,DENVER NUGGETS,MEMPHIS GRIZZLIES,107,108
2016-11-09 03:00:00+00:00,PHOENIX SUNS,PORTLAND TRAIL BLAZERS,121,124
2016-11-09 03:30:00+00:00,DALLAS MAVERICKS,LOS ANGELES LAKERS,109,97
2016-11-09 03:30:00+00:00,NEW ORLEANS PELICANS,SACRAMENTO KINGS,94,102
2016-11-10 00:00:00+00:00,UTAH JAZZ,CHARLOTTE HORNETS,98,104
2016-11-10 00:00:00+00:00,PHILADELPHIA 76ERS,INDIANA PACERS,115,122
2016-11-10 00:00:00+00:00,BROOKLYN NETS,NEW YORK KNICKS,96,110
2016-11-10 00:00:00+00:00,MINNESOTA TIMBERWOLVES,ORLANDO MAGIC,123,107
2016-11-10 00:00:00+00:00,BOSTON CELTICS,WASHINGTON WIZARDS,93,118
2016-11-10 00:30:00+00:00,CHICAGO BULLS,ATLANTA HAWKS,107,115
2016-11-10 01:00:00+00:00,TORONTO RAPTORS,OKLAHOMA CITY THUNDER,112,102
2016-11-10 02:00:00+00:00,DETROIT PISTONS,PHOENIX SUNS,100,107
2016-11-10 02:30:00+00:00,HOUSTON ROCKETS,SAN ANTONIO SPURS,101,99
2016-11-10 03:30:00+00:00,DALLAS MAVERICKS,GOLDEN STATE WARRIORS,95,116
2016-11-10 03:30:00+00:00,PORTLAND TRAIL BLAZERS,LOS ANGELES CLIPPERS,80,111
2016-11-11 01:00:00+00:00,CHICAGO BULLS,MIAMI HEAT,98,95
2016-11-11 01:00:00+00:00,NEW ORLEANS PELICANS,MILWAUKEE BUCKS,112,106
2016-11-11 02:00:00+00:00,GOLDEN STATE WARRIORS,DENVER NUGGETS,125,101
2016-11-11 03:30:00+00:00,LOS ANGELES LAKERS,SACRAMENTO KINGS,101,91
2016-11-12 00:00:00+00:00,TORONTO RAPTORS,CHARLOTTE HORNETS,113,111
2016-11-12 00:00:00+00:00,UTAH JAZZ,ORLANDO MAGIC,87,74
2016-11-12 00:00:00+00:00,INDIANA PACERS,PHILADELPHIA 76ERS,105,109
2016-11-12 00:00:00+00:00,CLEVELAND CAVALIERS,WASHINGTON WIZARDS,105,94
2016-11-12 00:30:00+00:00,NEW YORK KNICKS,BOSTON CELTICS,87,115
2016-11-12 01:00:00+00:00,LOS ANGELES CLIPPERS,OKLAHOMA CITY THUNDER,110,108
2016-11-12 01:30:00+00:00,DETROIT PISTONS,SAN ANTONIO SPURS,86,96
2016-11-12 03:00:00+00:00,SACRAMENTO KINGS,PORTLAND TRAIL BLAZERS,120,122
2016-11-13 00:00:00+00:00,BOSTON CELTICS,INDIANA PACERS,105,99
2016-11-13 00:00:00+00:00,LOS ANGELES LAKERS,NEW ORLEANS PELICANS,126,99
2016-11-13 00:30:00+00:00,PHILADELPHIA 76ERS,ATLANTA HAWKS,96,117
2016-11-13 00:30:00+00:00,NEW YORK KNICKS,TORONTO RAPTORS,107,118
2016-11-13 01:00:00+00:00,WASHINGTON WIZARDS,CHICAGO BULLS,95,106
2016-11-13 01:00:00+00:00,SAN ANTONIO SPURS,HOUSTON ROCKETS,106,100
2016-11-13 01:00:00+00:00,UTAH JAZZ,MIAMI HEAT,102,91
2016-11-13 01:00:00+00:00,LOS ANGELES CLIPPERS,MINNESOTA TIMBERWOLVES,119,105
2016-11-13 01:30:00+00:00,MEMPHIS GRIZZLIES,MILWAUKEE BUCKS,96,106
2016-11-13 02:00:00+00:00,DETROIT PISTONS,DENVER NUGGETS,106,95
2016-11-13 02:00:00+00:00,BROOKLYN NETS,PHOENIX SUNS,122,104
2016-11-13 20:30:00+00:00,CHARLOTTE HORNETS,CLEVELAND CAVALIERS,93,100
2016-11-14 00:00:00+00:00,LOS ANGELES LAKERS,MINNESOTA TIMBERWOLVES,99,125
2016-11-14 00:00:00+00:00,ORLANDO MAGIC,OKLAHOMA CITY THUNDER,119,117
2016-11-14 01:00:00+00:00,PHOENIX SUNS,GOLDEN STATE WARRIORS,120,133
2016-11-14 02:00:00+00:00,DENVER NUGGETS,PORTLAND TRAIL BLAZERS,105,112
2016-11-15 00:00:00+00:00,ORLANDO MAGIC,INDIANA PACERS,69,88
2016-11-15 00:30:00+00:00,OKLAHOMA CITY THUNDER,DETROIT PISTONS,88,104
2016-11-15 00:30:00+00:00,DALLAS MAVERICKS,NEW YORK KNICKS,77,93
2016-11-15 01:00:00+00:00,PHILADELPHIA 76ERS,HOUSTON ROCKETS,88,115
2016-11-15 01:00:00+00:00,BOSTON CELTICS,NEW ORLEANS PELICANS,105,106
2016-11-15 01:30:00+00:00,MIAMI HEAT,SAN ANTONIO SPURS,90,94
2016-11-15 02:00:00+00:00,MEMPHIS GRIZZLIES,UTAH JAZZ,102,96
2016-11-15 03:30:00+00:00,BROOKLYN NETS,LOS ANGELES CLIPPERS,95,127
2016-11-16 00:00:00+00:00,TORONTO RAPTORS,CLEVELAND CAVALIERS,117,121
2016-11-16 00:30:00+00:00,ATLANTA HAWKS,MIAMI HEAT,93,90
2016-11-16 01:00:00+00:00,CHARLOTTE HORNETS,MINNESOTA TIMBERWOLVES,115,108
2016-11-16 03:00:00+00:00,CHICAGO BULLS,PORTLAND TRAIL BLAZERS,113,88
2016-11-16 03:30:00+00:00,BROOKLYN NETS,LOS ANGELES LAKERS,118,125
2016-11-17 00:00:00+00:00,CLEVELAND CAVALIERS,INDIANA PACERS,93,103
2016-11-17 00:00:00+00:00,NEW ORLEANS PELICANS,ORLANDO MAGIC,82,89
2016-11-17 00:00:00+00:00,WASHINGTON WIZARDS,PHILADELPHIA 76ERS,102,109
2016-11-17 00:30:00+00:00,MILWAUKEE BUCKS,ATLANTA HAWKS,100,107
2016-11-17 00:30:00+00:00,DALLAS MAVERICKS,BOSTON CELTICS,83,90
2016-11-17 00:30:00+00:00,DETROIT PISTONS,NEW YORK KNICKS,102,105
2016-11-17 01:00:00+00:00,HOUSTON ROCKETS,OKLAHOMA CITY THUNDER,103,105
2016-11-17 01:00:00+00:00,GOLDEN STATE WARRIORS,TORONTO RAPTORS,127,121
2016-11-17 02:00:00+00:00,PHOENIX SUNS,DENVER NUGGETS,104,120
2016-11-17 03:30:00+00:00,MEMPHIS GRIZZLIES,LOS ANGELES CLIPPERS,111,107
2016-11-17 03:30:00+00:00,SAN ANTONIO SPURS,SACRAMENTO KINGS,110,105
2016-11-18 00:00:00+00:00,NEW YORK KNICKS,WASHINGTON WIZARDS,112,119
2016-11-18 00:30:00+00:00,MILWAUKEE BUCKS,MIAMI HEAT,73,96
2016-11-18 01:00:00+00:00,PORTLAND TRAIL BLAZERS,HOUSTON ROCKETS,109,126
2016-11-18 01:00:00+00:00,PHILADELPHIA 76ERS,MINNESOTA TIMBERWOLVES,86,110
2016-11-18 03:30:00+00:00,CHICAGO BULLS,UTAH JAZZ,85,77
2016-11-19 00:00:00+00:00,ATLANTA HAWKS,CHARLOTTE HORNETS,96,100
2016-11-19 00:00:00+00:00,PHOENIX SUNS,INDIANA PACERS,116,96
2016-11-19 00:30:00+00:00,DETROIT PISTONS,CLEVELAND CAVALIERS,81,104
2016-11-19 01:00:00+00:00,GOLDEN STATE WARRIORS,BOSTON CELTICS,104,88
2016-11-19 01:00:00+00:00,PORTLAND TRAIL BLAZERS,NEW ORLEANS PELICANS,101,113
2016-11-19 01:00:00+00:00,BROOKLYN NETS,OKLAHOMA CITY THUNDER,105,124
2016-11-19 01:30:00+00:00,MEMPHIS GRIZZLIES,DALLAS MAVERICKS,80,64
2016-11-19 02:00:00+00:00,TORONTO RAPTORS,DENVER NUGGETS,113,111
2016-11-19 03:30:00+00:00,SAN ANTONIO SPURS,LOS ANGELES LAKERS,116,107
2016-11-19 03:30:00+00:00,LOS ANGELES CLIPPERS,SACRAMENTO KINGS,121,115
2016-11-19 22:00:00+00:00,UTAH JAZZ,HOUSTON ROCKETS,102,111
2016-11-20 00:00:00+00:00,BOSTON CELTICS,DETROIT PISTONS,94,92
2016-11-20 00:00:00+00:00,CHARLOTTE HORNETS,NEW ORLEANS PELICANS,116,121
2016-11-20 00:00:00+00:00,DALLAS MAVERICKS,ORLANDO MAGIC,87,95
2016-11-20 00:00:00+00:00,MIAMI HEAT,WASHINGTON WIZARDS,114,111
2016-11-20 00:30:00+00:00,PHOENIX SUNS,PHILADELPHIA 76ERS,105,120
2016-11-20 01:00:00+00:00,MINNESOTA TIMBERWOLVES,MEMPHIS GRIZZLIES,71,93
2016-11-20 01:30:00+00:00,GOLDEN STATE WARRIORS,MILWAUKEE BUCKS,124,121
2016-11-20 03:30:00+00:00,CHICAGO BULLS,LOS ANGELES CLIPPERS,95,102
2016-11-20 17:00:00+00:00,ATLANTA HAWKS,NEW YORK KNICKS,94,104
2016-11-20 20:30:00+00:00,PORTLAND TRAIL BLAZERS,BROOKLYN NETS,129,109
2016-11-21 00:00:00+00:00,INDIANA PACERS,OKLAHOMA CITY THUNDER,115,111
2016-11-21 02:00:00+00:00,UTAH JAZZ,DENVER NUGGETS,91,105
2016-11-21 02:00:00+00:00,TORONTO RAPTORS,SACRAMENTO KINGS,99,102
2016-11-21 02:30:00+00:00,CHICAGO BULLS,LOS ANGELES LAKERS,118,110
2016-11-22 00:00:00+00:00,MEMPHIS GRIZZLIES,CHARLOTTE HORNETS,105,90
2016-11-22 00:00:00+00:00,GOLDEN STATE WARRIORS,INDIANA PACERS,120,83
2016-11-22 00:00:00+00:00,MIAMI HEAT,PHILADELPHIA 76ERS,94,101
2016-11-22 00:00:00+00:00,PHOENIX SUNS,WASHINGTON WIZARDS,101,106
2016-11-22 00:30:00+00:00,HOUSTON ROCKETS,DETROIT PISTONS,99,96
2016-11-22 01:00:00+00:00,ORLANDO MAGIC,MILWAUKEE BUCKS,89,93
2016-11-22 01:00:00+00:00,BOSTON CELTICS,MINNESOTA TIMBERWOLVES,99,93
2016-11-22 01:30:00+00:00,DALLAS MAVERICKS,SAN ANTONIO SPURS,91,96
2016-11-22 03:30:00+00:00,TORONTO RAPTORS,LOS ANGELES CLIPPERS,115,123
2016-11-23 00:30:00+00:00,NEW ORLEANS PELICANS,ATLANTA HAWKS,112,94
2016-11-23 00:30:00+00:00,PORTLAND TRAIL BLAZERS,NEW YORK KNICKS,103,107
2016-11-23 02:00:00+00:00,CHICAGO BULLS,DENVER NUGGETS,107,110
2016-11-23 03:30:00+00:00,OKLAHOMA CITY THUNDER,LOS ANGELES LAKERS,109,111
2016-11-24 00:00:00+00:00,SAN ANTONIO SPURS,CHARLOTTE HORNETS,119,114
2016-11-24 00:00:00+00:00,PORTLAND TRAIL BLAZERS,CLEVELAND CAVALIERS,125,137
2016-11-24 00:00:00+00:00,ATLANTA HAWKS,INDIANA PACERS,96,85
2016-11-24 00:00:00+00:00,PHOENIX SUNS,ORLANDO MAGIC,92,87
2016-11-24 00:00:00+00:00,MEMPHIS GRIZZLIES,PHILADELPHIA 76ERS,104,99
2016-11-24 00:30:00+00:00,BOSTON CELTICS,BROOKLYN NETS,111,92
2016-11-24 00:30:00+00:00,MIAMI HEAT,DETROIT PISTONS,84,107
2016-11-24 01:00:00+00:00,TORONTO RAPTORS,HOUSTON ROCKETS,115,102
2016-11-24 01:30:00+00:00,LOS ANGELES CLIPPERS,DALLAS MAVERICKS,124,104
2016-11-24 02:00:00+00:00,DENVER NUGGETS,UTAH JAZZ,83,108
2016-11-24 02:30:00+00:00,MINNESOTA TIMBERWOLVES,NEW ORLEANS PELICANS,96,117
2016-11-24 03:30:00+00:00,LOS ANGELES LAKERS,GOLDEN STATE WARRIORS,106,149
2016-11-24 03:30:00+00:00,OKLAHOMA CITY THUNDER,SACRAMENTO KINGS,101,116
2016-11-25 18:00:00+00:00,SAN ANTONIO SPURS,BOSTON CELTICS,109,103
2016-11-26 00:00:00+00:00,WASHINGTON WIZARDS,ORLANDO MAGIC,94,91
2016-11-26 00:30:00+00:00,DALLAS MAVERICKS,CLEVELAND CAVALIERS,90,128
2016-11-26 00:30:00+00:00,LOS ANGELES CLIPPERS,DETROIT PISTONS,97,108
2016-11-26 00:30:00+00:00,CHARLOTTE HORNETS,NEW YORK KNICKS,111,113
2016-11-26 00:30:00+00:00,CHICAGO BULLS,PHILADELPHIA 76ERS,105,89
2016-11-26 01:00:00+00:00,BROOKLYN NETS,INDIANA PACERS,97,118
2016-11-26 01:00:00+00:00,MIAMI HEAT,MEMPHIS GRIZZLIES,90,81
2016-11-26 01:00:00+00:00,TORONTO RAPTORS,MILWAUKEE BUCKS,105,99
2016-11-26 01:00:00+00:00,ATLANTA HAWKS,UTAH JAZZ,68,95
2016-11-26 02:00:00+00:00,OKLAHOMA CITY THUNDER,DENVER NUGGETS,132,129
2016-11-26 02:00:00+00:00,MINNESOTA TIMBERWOLVES,PHOENIX SUNS,98,85
2016-11-26 03:00:00+00:00,NEW ORLEANS PELICANS,PORTLAND TRAIL BLAZERS,104,119
2016-11-26 03:30:00+00:00,GOLDEN STATE WARRIORS,LOS ANGELES LAKERS,109,85
2016-11-26 03:30:00+00:00,HOUSTON ROCKETS,SACRAMENTO KINGS,117,104
2016-11-27 00:00:00+00:00,NEW YORK KNICKS,CHARLOTTE HORNETS,102,107
2016-11-27 00:00:00+00:00,SAN ANTONIO SPURS,WASHINGTON WIZARDS,112,100
2016-11-27 01:00:00+00:00,MEMPHIS GRIZZLIES,MIAMI HEAT,110,107
2016-11-27 01:00:00+00:00,DETROIT PISTONS,OKLAHOMA CITY THUNDER,88,106
2016-11-27 03:30:00+00:00,MINNESOTA TIMBERWOLVES,GOLDEN STATE WARRIORS,102,115
2016-11-27 18:00:00+00:00,CLEVELAND CAVALIERS,PHILADELPHIA 76ERS,112,108
2016-11-27 20:30:00+00:00,DENVER NUGGETS,PHOENIX SUNS,120,114
2016-11-27 23:00:00+00:00,SACRAMENTO KINGS,BROOKLYN NETS,122,105
2016-11-27 23:00:00+00:00,LOS ANGELES CLIPPERS,INDIANA PACERS,70,91
2016-11-27 23:00:00+00:00,MILWAUKEE BUCKS,ORLANDO MAGIC,104,96
2016-11-28 00:00:00+00:00,NEW ORLEANS PELICANS,DALLAS MAVERICKS,81,91
2016-11-28 02:00:00+00:00,HOUSTON ROCKETS,PORTLAND TRAIL BLAZERS,130,114
2016-11-28 02:30:00+00:00,ATLANTA HAWKS,LOS ANGELES LAKERS,94,109
2016-11-29 00:00:00+00:00,SACRAMENTO KINGS,WASHINGTON WIZARDS,95,101
2016-11-29 00:30:00+00:00,BOSTON CELTICS,MIAMI HEAT,112,104
2016-11-29 00:30:00+00:00,OKLAHOMA CITY THUNDER,NEW YORK KNICKS,112,103
2016-11-29 00:30:00+00:00,PHILADELPHIA 76ERS,TORONTO RAPTORS,95,122
2016-11-29 01:00:00+00:00,CHARLOTTE HORNETS,MEMPHIS GRIZZLIES,104,85
2016-11-29 01:00:00+00:00,UTAH JAZZ,MINNESOTA TIMBERWOLVES,112,103
2016-11-29 03:30:00+00:00,ATLANTA HAWKS,GOLDEN STATE WARRIORS,100,105
2016-11-30 00:00:00+00:00,DETROIT PISTONS,CHARLOTTE HORNETS,112,89
2016-11-30 00:30:00+00:00,LOS ANGELES CLIPPERS,BROOKLYN NETS,122,127
2016-11-30 01:00:00+00:00,CLEVELAND CAVALIERS,MILWAUKEE BUCKS,101,118
2016-11-30 01:00:00+00:00,LOS ANGELES LAKERS,NEW ORLEANS PELICANS,88,105
2016-11-30 01:30:00+00:00,ORLANDO MAGIC,SAN ANTONIO SPURS,95,83
2016-11-30 02:00:00+00:00,HOUSTON ROCKETS,UTAH JAZZ,101,120
2016-12-01 00:30:00+00:00,DETROIT PISTONS,BOSTON CELTICS,121,114
2016-12-01 00:30:00+00:00,MEMPHIS GRIZZLIES,TORONTO RAPTORS,105,120
2016-12-01 01:00:00+00:00,LOS ANGELES LAKERS,CHICAGO BULLS,96,90
2016-12-01 01:00:00+00:00,NEW YORK KNICKS,MINNESOTA TIMBERWOLVES,106,104
2016-12-01 01:00:00+00:00,WASHINGTON WIZARDS,OKLAHOMA CITY THUNDER,115,126
2016-12-01 01:30:00+00:00,SAN ANTONIO SPURS,DALLAS MAVERICKS,94,87
2016-12-01 02:00:00+00:00,MIAMI HEAT,DENVER NUGGETS,106,98
2016-12-01 02:00:00+00:00,ATLANTA HAWKS,PHOENIX SUNS,107,109
2016-12-01 03:00:00+00:00,INDIANA PACERS,PORTLAND TRAIL BLAZERS,109,131
2016-12-02 00:00:00+00:00,DALLAS MAVERICKS,CHARLOTTE HORNETS,87,97
2016-12-02 00:30:00+00:00,MILWAUKEE BUCKS,BROOKLYN NETS,111,93
2016-12-02 01:00:00+00:00,LOS ANGELES CLIPPERS,CLEVELAND CAVALIERS,113,94
2016-12-02 01:00:00+00:00,ORLANDO MAGIC,MEMPHIS GRIZZLIES,94,95
2016-12-02 02:00:00+00:00,MIAMI HEAT,UTAH JAZZ,111,110
2016-12-02 03:30:00+00:00,HOUSTON ROCKETS,GOLDEN STATE WARRIORS,132,127
2016-12-03 00:00:00+00:00,ORLANDO MAGIC,PHILADELPHIA 76ERS,105,88
2016-12-03 00:30:00+00:00,SACRAMENTO KINGS,BOSTON CELTICS,92,97
2016-12-03 00:30:00+00:00,MINNESOTA TIMBERWOLVES,NEW YORK KNICKS,114,118
2016-12-03 00:30:00+00:00,LOS ANGELES LAKERS,TORONTO RAPTORS,80,113
2016-12-03 01:00:00+00:00,DETROIT PISTONS,ATLANTA HAWKS,121,85
2016-12-03 01:00:00+00:00,CLEVELAND CAVALIERS,CHICAGO BULLS,105,111
2016-12-03 01:00:00+00:00,LOS ANGELES CLIPPERS,NEW ORLEANS PELICANS,114,96
2016-12-03 01:30:00+00:00,WASHINGTON WIZARDS,SAN ANTONIO SPURS,105,107
2016-12-03 03:30:00+00:00,HOUSTON ROCKETS,DENVER NUGGETS,128,110
2016-12-03 22:00:00+00:00,BROOKLYN NETS,MILWAUKEE BUCKS,103,112
2016-12-04 00:00:00+00:00,MINNESOTA TIMBERWOLVES,CHARLOTTE HORNETS,125,120
2016-12-04 00:30:00+00:00,BOSTON CELTICS,PHILADELPHIA 76ERS,107,106
2016-12-04 00:30:00+00:00,ATLANTA HAWKS,TORONTO RAPTORS,84,128
2016-12-04 01:00:00+00:00,LOS ANGELES LAKERS,MEMPHIS GRIZZLIES,100,103
2016-12-04 01:30:00+00:00,CHICAGO BULLS,DALLAS MAVERICKS,82,107
2016-12-04 02:00:00+00:00,DENVER NUGGETS,UTAH JAZZ,98,105
2016-12-04 03:00:00+00:00,MIAMI HEAT,PORTLAND TRAIL BLAZERS,92,99
2016-12-04 03:30:00+00:00,PHOENIX SUNS,GOLDEN STATE WARRIORS,109,138
2016-12-04 23:00:00+00:00,ORLANDO MAGIC,DETROIT PISTONS,98,92
2016-12-05 00:00:00+00:00,NEW ORLEANS PELICANS,OKLAHOMA CITY THUNDER,92,101
2016-12-05 00:30:00+00:00,SACRAMENTO KINGS,NEW YORK KNICKS,98,106
2016-12-05 02:30:00+00:00,INDIANA PACERS,LOS ANGELES CLIPPERS,111,102
2016-12-06 00:00:00+00:00,DENVER NUGGETS,PHILADELPHIA 76ERS,106,98
2016-12-06 00:30:00+00:00,OKLAHOMA CITY THUNDER,ATLANTA HAWKS,102,99
2016-12-06 00:30:00+00:00,WASHINGTON WIZARDS,BROOKLYN NETS,118,113
2016-12-06 00:30:00+00:00,CLEVELAND CAVALIERS,TORONTO RAPTORS,116,112
2016-12-06 01:00:00+00:00,PORTLAND TRAIL BLAZERS,CHICAGO BULLS,112,110
2016-12-06 01:00:00+00:00,BOSTON CELTICS,HOUSTON ROCKETS,106,107
2016-12-06 01:00:00+00:00,SAN ANTONIO SPURS,MILWAUKEE BUCKS,97,96
2016-12-06 01:00:00+00:00,MEMPHIS GRIZZLIES,NEW ORLEANS PELICANS,110,108
2016-12-06 01:30:00+00:00,CHARLOTTE HORNETS,DALLAS MAVERICKS,109,101
2016-12-06 03:30:00+00:00,INDIANA PACERS,GOLDEN STATE WARRIORS,106,142
2016-12-06 03:30:00+00:00,UTAH JAZZ,LOS ANGELES LAKERS,107,101
2016-12-07 00:00:00+00:00,ORLANDO MAGIC,WASHINGTON WIZARDS,124,116
2016-12-07 00:30:00+00:00,CHICAGO BULLS,DETROIT PISTONS,91,102
2016-12-07 00:30:00+00:00,NEW YORK KNICKS,MIAMI HEAT,114,103
2016-12-07 01:00:00+00:00,PHILADELPHIA 76ERS,MEMPHIS GRIZZLIES,91,96
2016-12-07 01:00:00+00:00,SAN ANTONIO SPURS,MINNESOTA TIMBERWOLVES,105,91
2016-12-07 02:00:00+00:00,PHOENIX SUNS,UTAH JAZZ,105,112
2016-12-08 00:00:00+00:00,DETROIT PISTONS,CHARLOTTE HORNETS,77,87
2016-12-08 00:00:00+00:00,BOSTON CELTICS,ORLANDO MAGIC,117,87
2016-12-08 00:30:00+00:00,MIAMI HEAT,ATLANTA HAWKS,95,103
2016-12-08 00:30:00+00:00,DENVER NUGGETS,BROOKLYN NETS,111,116
2016-12-08 01:00:00+00:00,LOS ANGELES LAKERS,HOUSTON ROCKETS,95,134
2016-12-08 01:00:00+00:00,PORTLAND TRAIL BLAZERS,MILWAUKEE BUCKS,107,115
2016-12-08 01:00:00+00:00,CLEVELAND CAVALIERS,NEW YORK KNICKS,126,94
2016-12-08 01:30:00+00:00,SACRAMENTO KINGS,DALLAS MAVERICKS,120,89
2016-12-08 02:00:00+00:00,INDIANA PACERS,PHOENIX SUNS,109,94
2016-12-08 03:30:00+00:00,GOLDEN STATE WARRIORS,LOS ANGELES CLIPPERS,115,98
2016-12-09 00:00:00+00:00,MINNESOTA TIMBERWOLVES,TORONTO RAPTORS,110,124
2016-12-09 00:00:00+00:00,DENVER NUGGETS,WASHINGTON WIZARDS,85,92
2016-12-09 01:00:00+00:00,PORTLAND TRAIL BLAZERS,MEMPHIS GRIZZLIES,86,88
2016-12-09 01:00:00+00:00,PHILADELPHIA 76ERS,NEW ORLEANS PELICANS,99,88
2016-12-09 02:00:00+00:00,GOLDEN STATE WARRIORS,UTAH JAZZ,106,99
2016-12-09 02:30:00+00:00,SAN ANTONIO SPURS,CHICAGO BULLS,91,95
2016-12-10 00:00:00+00:00,ORLANDO MAGIC,CHARLOTTE HORNETS,88,109
2016-12-10 00:30:00+00:00,TORONTO RAPTORS,BOSTON CELTICS,101,94
2016-12-10 00:30:00+00:00,MIAMI HEAT,CLEVELAND CAVALIERS,84,114
2016-12-10 01:00:00+00:00,ATLANTA HAWKS,MILWAUKEE BUCKS,114,110
2016-12-10 01:00:00+00:00,DETROIT PISTONS,MINNESOTA TIMBERWOLVES,117,90
2016-12-10 01:00:00+00:00,HOUSTON ROCKETS,OKLAHOMA CITY THUNDER,102,99
2016-12-10 01:30:00+00:00,INDIANA PACERS,DALLAS MAVERICKS,103,111
2016-12-10 03:30:00+00:00,PHOENIX SUNS,LOS ANGELES LAKERS,119,115
2016-12-10 03:30:00+00:00,NEW YORK KNICKS,SACRAMENTO KINGS,103,100
2016-12-11 00:00:00+00:00,PORTLAND TRAIL BLAZERS,INDIANA PACERS,111,118
2016-12-11 00:00:00+00:00,DENVER NUGGETS,ORLANDO MAGIC,121,113
2016-12-11 00:00:00+00:00,MILWAUKEE BUCKS,WASHINGTON WIZARDS,105,110
2016-12-11 00:30:00+00:00,CHARLOTTE HORNETS,CLEVELAND CAVALIERS,105,116
2016-12-11 01:00:00+00:00,MIAMI HEAT,CHICAGO BULLS,100,105
2016-12-11 01:00:00+00:00,DALLAS MAVERICKS,HOUSTON ROCKETS,87,109
2016-12-11 01:00:00+00:00,GOLDEN STATE WARRIORS,MEMPHIS GRIZZLIES,89,110
2016-12-11 01:30:00+00:00,BROOKLYN NETS,SAN ANTONIO SPURS,101,130
2016-12-11 02:00:00+00:00,SACRAMENTO KINGS,UTAH JAZZ,84,104
2016-12-11 03:30:00+00:00,NEW ORLEANS PELICANS,LOS ANGELES CLIPPERS,105,133
2016-12-11 23:00:00+00:00,PHILADELPHIA 76ERS,DETROIT PISTONS,97,79
2016-12-12 00:00:00+00:00,GOLDEN STATE WARRIORS,MINNESOTA TIMBERWOLVES,116,108
2016-12-12 00:00:00+00:00,BOSTON CELTICS,OKLAHOMA CITY THUNDER,96,99
2016-12-12 01:30:00+00:00,NEW ORLEANS PELICANS,PHOENIX SUNS,120,119
2016-12-12 02:30:00+00:00,NEW YORK KNICKS,LOS ANGELES LAKERS,118,112
2016-12-13 00:00:00+00:00,CHARLOTTE HORNETS,INDIANA PACERS,94,110
2016-12-13 00:30:00+00:00,WASHINGTON WIZARDS,MIAMI HEAT,101,112
2016-12-13 00:30:00+00:00,MILWAUKEE BUCKS,TORONTO RAPTORS,100,122
2016-12-13 01:00:00+00:00,BROOKLYN NETS,HOUSTON ROCKETS,118,122
2016-12-13 01:30:00+00:00,DENVER NUGGETS,DALLAS MAVERICKS,92,112
2016-12-13 03:30:00+00:00,PORTLAND TRAIL BLAZERS,LOS ANGELES CLIPPERS,120,121
2016-12-13 03:30:00+00:00,LOS ANGELES LAKERS,SACRAMENTO KINGS,92,116
2016-12-14 00:00:00+00:00,MEMPHIS GRIZZLIES,CLEVELAND CAVALIERS,86,103
2016-12-14 00:30:00+00:00,ORLANDO MAGIC,ATLANTA HAWKS,131,120
2016-12-14 01:00:00+00:00,MINNESOTA TIMBERWOLVES,CHICAGO BULLS,99,94
2016-12-14 01:00:00+00:00,GOLDEN STATE WARRIORS,NEW ORLEANS PELICANS,113,109
2016-12-14 02:00:00+00:00,NEW YORK KNICKS,PHOENIX SUNS,111,113
2016-12-14 03:30:00+00:00,OKLAHOMA CITY THUNDER,PORTLAND TRAIL BLAZERS,95,114
2016-12-15 00:00:00+00:00,INDIANA PACERS,MIAMI HEAT,89,95
2016-12-15 00:00:00+00:00,LOS ANGELES CLIPPERS,ORLANDO MAGIC,113,108
2016-12-15 00:00:00+00:00,TORONTO RAPTORS,PHILADELPHIA 76ERS,123,114
2016-12-15 00:00:00+00:00,CHARLOTTE HORNETS,WASHINGTON WIZARDS,106,109
2016-12-15 00:30:00+00:00,LOS ANGELES LAKERS,BROOKLYN NETS,97,107
2016-12-15 01:00:00+00:00,SACRAMENTO KINGS,HOUSTON ROCKETS,98,132
2016-12-15 01:00:00+00:00,CLEVELAND CAVALIERS,MEMPHIS GRIZZLIES,85,93
2016-12-15 01:30:00+00:00,DETROIT PISTONS,DALLAS MAVERICKS,95,85
2016-12-15 02:00:00+00:00,OKLAHOMA CITY THUNDER,UTAH JAZZ,89,109
2016-12-15 02:30:00+00:00,BOSTON CELTICS,SAN ANTONIO SPURS,101,108
2016-12-16 01:00:00+00:00,CHICAGO BULLS,MILWAUKEE BUCKS,97,108
2016-12-16 01:00:00+00:00,INDIANA PACERS,NEW ORLEANS PELICANS,95,102
2016-12-16 02:00:00+00:00,PORTLAND TRAIL BLAZERS,DENVER NUGGETS,120,132
2016-12-16 02:00:00+00:00,SAN ANTONIO SPURS,PHOENIX SUNS,107,92
2016-12-16 03:30:00+00:00,NEW YORK KNICKS,GOLDEN STATE WARRIORS,90,103
2016-12-17 00:00:00+00:00,BROOKLYN NETS,ORLANDO MAGIC,111,118
2016-12-17 00:00:00+00:00,DETROIT PISTONS,WASHINGTON WIZARDS,108,122
2016-12-17 00:30:00+00:00,CHARLOTTE HORNETS,BOSTON CELTICS,88,96
2016-12-17 00:30:00+00:00,ATLANTA HAWKS,TORONTO RAPTORS,125,121
2016-12-17 01:00:00+00:00,MILWAUKEE BUCKS,CHICAGO BULLS,95,69
2016-12-17 01:00:00+00:00,NEW ORLEANS PELICANS,HOUSTON ROCKETS,100,122
2016-12-17 01:00:00+00:00,SACRAMENTO KINGS,MEMPHIS GRIZZLIES,96,92
2016-12-17 01:00:00+00:00,LOS ANGELES CLIPPERS,MIAMI HEAT,102,98
2016-12-17 01:00:00+00:00,LOS ANGELES LAKERS,PHILADELPHIA 76ERS,100,89
2016-12-17 03:30:00+00:00,DALLAS MAVERICKS,UTAH JAZZ,100,103
2016-12-17 22:00:00+00:00,PHOENIX SUNS,OKLAHOMA CITY THUNDER,101,114
2016-12-18 00:00:00+00:00,INDIANA PACERS,DETROIT PISTONS,105,90
2016-12-18 00:30:00+00:00,CHARLOTTE HORNETS,ATLANTA HAWKS,107,99
2016-12-18 00:30:00+00:00,LOS ANGELES LAKERS,CLEVELAND CAVALIERS,108,119
2016-12-18 01:00:00+00:00,HOUSTON ROCKETS,MINNESOTA TIMBERWOLVES,111,109
2016-12-18 02:00:00+00:00,NEW YORK KNICKS,DENVER NUGGETS,114,127
2016-12-18 03:30:00+00:00,PORTLAND TRAIL BLAZERS,GOLDEN STATE WARRIORS,90,135
2016-12-18 20:30:00+00:00,LOS ANGELES CLIPPERS,WASHINGTON WIZARDS,110,117
2016-12-18 21:00:00+00:00,SACRAMENTO KINGS,DALLAS MAVERICKS,79,99
2016-12-18 23:00:00+00:00,UTAH JAZZ,MEMPHIS GRIZZLIES,82,73
2016-12-18 23:00:00+00:00,BOSTON CELTICS,MIAMI HEAT,105,95
2016-12-18 23:00:00+00:00,TORONTO RAPTORS,ORLANDO MAGIC,109,79
2016-12-18 23:00:00+00:00,BROOKLYN NETS,PHILADELPHIA 76ERS,107,108
2016-12-19 00:00:00+00:00,NEW ORLEANS PELICANS,SAN ANTONIO SPURS,100,113
2016-12-20 00:00:00+00:00,WASHINGTON WIZARDS,INDIANA PACERS,105,107
2016-12-20 01:00:00+00:00,DETROIT PISTONS,CHICAGO BULLS,82,113
2016-12-20 01:00:00+00:00,PHOENIX SUNS,MINNESOTA TIMBERWOLVES,108,115
2016-12-20 01:00:00+00:00,ATLANTA HAWKS,OKLAHOMA CITY THUNDER,110,108
2016-12-20 02:00:00+00:00,DALLAS MAVERICKS,DENVER NUGGETS,107,117
2016-12-21 00:00:00+00:00,LOS ANGELES LAKERS,CHARLOTTE HORNETS,113,117
2016-12-21 00:00:00+00:00,NEW ORLEANS PELICANS,PHILADELPHIA 76ERS,108,93
2016-12-21 00:30:00+00:00,ORLANDO MAGIC,MIAMI HEAT,136,130
2016-12-21 00:30:00+00:00,INDIANA PACERS,NEW YORK KNICKS,111,118
2016-12-21 00:30:00+00:00,BROOKLYN NETS,TORONTO RAPTORS,104,116
2016-12-21 01:00:00+00:00,SAN ANTONIO SPURS,HOUSTON ROCKETS,102,100
2016-12-21 01:00:00+00:00,BOSTON CELTICS,MEMPHIS GRIZZLIES,112,109
2016-12-21 01:00:00+00:00,CLEVELAND CAVALIERS,MILWAUKEE BUCKS,114,108
2016-12-21 03:30:00+00:00,UTAH JAZZ,GOLDEN STATE WARRIORS,74,104
2016-12-21 03:30:00+00:00,DENVER NUGGETS,LOS ANGELES CLIPPERS,102,119
2016-12-21 03:30:00+00:00,PORTLAND TRAIL BLAZERS,SACRAMENTO KINGS,121,126
2016-12-22 00:00:00+00:00,MILWAUKEE BUCKS,CLEVELAND CAVALIERS,102,113
2016-12-22 00:30:00+00:00,MINNESOTA TIMBERWOLVES,ATLANTA HAWKS,92,84
2016-12-22 00:30:00+00:00,MEMPHIS GRIZZLIES,DETROIT PISTONS,98,86
2016-12-22 01:00:00+00:00,WASHINGTON WIZARDS,CHICAGO BULLS,107,97
2016-12-22 01:00:00+00:00,OKLAHOMA CITY THUNDER,NEW ORLEANS PELICANS,121,110
2016-12-22 02:00:00+00:00,HOUSTON ROCKETS,PHOENIX SUNS,125,111
2016-12-22 02:00:00+00:00,SACRAMENTO KINGS,UTAH JAZZ,94,93
2016-12-22 03:00:00+00:00,DALLAS MAVERICKS,PORTLAND TRAIL BLAZERS,96,95
2016-12-23 00:00:00+00:00,BOSTON CELTICS,INDIANA PACERS,109,102
2016-12-23 00:30:00+00:00,GOLDEN STATE WARRIORS,BROOKLYN NETS,117,101
2016-12-23 00:30:00+00:00,ORLANDO MAGIC,NEW YORK KNICKS,95,106
2016-12-23 01:00:00+00:00,LOS ANGELES LAKERS,MIAMI HEAT,107,115
2016-12-23 03:30:00+00:00,SAN ANTONIO SPURS,LOS ANGELES CLIPPERS,101,106
2016-12-24 00:00:00+00:00,CHICAGO BULLS,CHARLOTTE HORNETS,91,103
2016-12-24 00:00:00+00:00,LOS ANGELES LAKERS,ORLANDO MAGIC,90,109
2016-12-24 00:30:00+00:00,OKLAHOMA CITY THUNDER,BOSTON CELTICS,117,112
2016-12-24 00:30:00+00:00,BROOKLYN NETS,CLEVELAND CAVALIERS,99,119
2016-12-24 00:30:00+00:00,GOLDEN STATE WARRIORS,DETROIT PISTONS,119,113
2016-12-24 01:00:00+00:00,HOUSTON ROCKETS,MEMPHIS GRIZZLIES,109,115
2016-12-24 01:00:00+00:00,WASHINGTON WIZARDS,MILWAUKEE BUCKS,96,123
2016-12-24 01:00:00+00:00,SACRAMENTO KINGS,MINNESOTA TIMBERWOLVES,109,105
2016-12-24 01:00:00+00:00,MIAMI HEAT,NEW ORLEANS PELICANS,87,91
2016-12-24 02:00:00+00:00,ATLANTA HAWKS,DENVER NUGGETS,109,108
2016-12-24 02:00:00+00:00,PHILADELPHIA 76ERS,PHOENIX SUNS,116,123
2016-12-24 02:00:00+00:00,TORONTO RAPTORS,UTAH JAZZ,104,98
2016-12-24 03:00:00+00:00,SAN ANTONIO SPURS,PORTLAND TRAIL BLAZERS,110,90
2016-12-24 03:30:00+00:00,DALLAS MAVERICKS,LOS ANGELES CLIPPERS,90,88
2016-12-25 17:00:00+00:00,BOSTON CELTICS,NEW YORK KNICKS,119,114
2016-12-25 19:30:00+00:00,GOLDEN STATE WARRIORS,CLEVELAND CAVALIERS,108,109
2016-12-25 22:00:00+00:00,CHICAGO BULLS,SAN ANTONIO SPURS,100,119
2016-12-26 01:00:00+00:00,MINNESOTA TIMBERWOLVES,OKLAHOMA CITY THUNDER,100,112
2016-12-26 03:30:00+00:00,LOS ANGELES CLIPPERS,LOS ANGELES LAKERS,102,111
2016-12-27 00:00:00+00:00,MEMPHIS GRIZZLIES,ORLANDO MAGIC,102,112
2016-12-27 00:00:00+00:00,MILWAUKEE BUCKS,WASHINGTON WIZARDS,102,107
2016-12-27 00:30:00+00:00,CHARLOTTE HORNETS,BROOKLYN NETS,118,120
2016-12-27 00:30:00+00:00,CLEVELAND CAVALIERS,DETROIT PISTONS,90,106
2016-12-27 01:00:00+00:00,INDIANA PACERS,CHICAGO BULLS,85,90
2016-12-27 01:00:00+00:00,PHOENIX SUNS,HOUSTON ROCKETS,115,131
2016-12-27 01:00:00+00:00,ATLANTA HAWKS,MINNESOTA TIMBERWOLVES,90,104
2016-12-27 01:00:00+00:00,DALLAS MAVERICKS,NEW ORLEANS PELICANS,104,111
2016-12-27 03:00:00+00:00,TORONTO RAPTORS,PORTLAND TRAIL BLAZERS,95,91
2016-12-27 03:30:00+00:00,DENVER NUGGETS,LOS ANGELES CLIPPERS,106,102
2016-12-27 03:30:00+00:00,PHILADELPHIA 76ERS,SACRAMENTO KINGS,100,102
2016-12-28 00:30:00+00:00,MEMPHIS GRIZZLIES,BOSTON CELTICS,103,113
2016-12-28 00:30:00+00:00,OKLAHOMA CITY THUNDER,MIAMI HEAT,106,94
2016-12-28 01:30:00+00:00,HOUSTON ROCKETS,DALLAS MAVERICKS,123,107
2016-12-28 03:30:00+00:00,UTAH JAZZ,LOS ANGELES LAKERS,102,100
2016-12-29 00:00:00+00:00,CHARLOTTE HORNETS,ORLANDO MAGIC,120,101
2016-12-29 00:00:00+00:00,INDIANA PACERS,WASHINGTON WIZARDS,105,111
2016-12-29 00:30:00+00:00,NEW YORK KNICKS,ATLANTA HAWKS,98,102
2016-12-29 00:30:00+00:00,MILWAUKEE BUCKS,DETROIT PISTONS,119,94
2016-12-29 01:00:00+00:00,BROOKLYN NETS,CHICAGO BULLS,99,101
2016-12-29 01:00:00+00:00,LOS ANGELES CLIPPERS,NEW ORLEANS PELICANS,98,102
2016-12-29 01:30:00+00:00,PHOENIX SUNS,SAN ANTONIO SPURS,98,119
2016-12-29 02:00:00+00:00,MINNESOTA TIMBERWOLVES,DENVER NUGGETS,103,105
2016-12-29 03:00:00+00:00,SACRAMENTO KINGS,PORTLAND TRAIL BLAZERS,89,102
2016-12-29 03:30:00+00:00,TORONTO RAPTORS,GOLDEN STATE WARRIORS,111,121
2016-12-30 00:00:00+00:00,MIAMI HEAT,CHARLOTTE HORNETS,82,91
2016-12-30 01:00:00+00:00,BOSTON CELTICS,CLEVELAND CAVALIERS,118,124
2016-12-30 01:00:00+00:00,OKLAHOMA CITY THUNDER,MEMPHIS GRIZZLIES,80,114
2016-12-30 02:00:00+00:00,TORONTO RAPTORS,PHOENIX SUNS,91,99
2016-12-30 02:00:00+00:00,PHILADELPHIA 76ERS,UTAH JAZZ,83,100
2016-12-30 03:30:00+00:00,DALLAS MAVERICKS,LOS ANGELES LAKERS,101,89
2016-12-30 21:00:00+00:00,CHICAGO BULLS,INDIANA PACERS,101,111
2016-12-31 00:00:00+00:00,BROOKLYN NETS,WASHINGTON WIZARDS,95,118
2016-12-31 00:30:00+00:00,MIAMI HEAT,BOSTON CELTICS,114,117
2016-12-31 01:00:00+00:00,DETROIT PISTONS,ATLANTA HAWKS,98,105
2016-12-31 01:00:00+00:00,LOS ANGELES CLIPPERS,HOUSTON ROCKETS,116,140
2016-12-31 01:00:00+00:00,MILWAUKEE BUCKS,MINNESOTA TIMBERWOLVES,99,116
2016-12-31 01:00:00+00:00,NEW YORK KNICKS,NEW ORLEANS PELICANS,92,104
2016-12-31 01:30:00+00:00,PORTLAND TRAIL BLAZERS,SAN ANTONIO SPURS,94,110
2016-12-31 02:00:00+00:00,PHILADELPHIA 76ERS,DENVER NUGGETS,124,122
2016-12-31 03:30:00+00:00,DALLAS MAVERICKS,GOLDEN STATE WARRIORS,99,108
2016-12-31 22:00:00+00:00,MEMPHIS GRIZZLIES,SACRAMENTO KINGS,112,98
2017-01-01 00:00:00+00:00,MILWAUKEE BUCKS,CHICAGO BULLS,116,96
2017-01-01 00:00:00+00:00,CLEVELAND CAVALIERS,CHARLOTTE HORNETS,121,109
2017-01-01 01:00:00+00:00,NEW YORK KNICKS,HOUSTON ROCKETS,122,129
2017-01-01 01:00:00+00:00,LOS ANGELES CLIPPERS,OKLAHOMA CITY THUNDER,88,114
2017-01-01 01:00:00+00:00,PHOENIX SUNS,UTAH JAZZ,86,91
2017-01-01 23:00:00+00:00,SAN ANTONIO SPURS,ATLANTA HAWKS,112,114
2017-01-01 23:00:00+00:00,ORLANDO MAGIC,INDIANA PACERS,104,117
2017-01-01 23:00:00+00:00,DETROIT PISTONS,MIAMI HEAT,107,98
2017-01-02 00:00:00+00:00,PORTLAND TRAIL BLAZERS,MINNESOTA TIMBERWOLVES,95,89
2017-01-02 02:30:00+00:00,TORONTO RAPTORS,LOS ANGELES LAKERS,123,114
2017-01-03 00:00:00+00:00,NEW ORLEANS PELICANS,CLEVELAND CAVALIERS,82,90
2017-01-03 00:00:00+00:00,OKLAHOMA CITY THUNDER,MILWAUKEE BUCKS,94,98
2017-01-03 00:30:00+00:00,UTAH JAZZ,BROOKLYN NETS,101,89
2017-01-03 00:30:00+00:00,ORLANDO MAGIC,NEW YORK KNICKS,115,103
2017-01-03 01:00:00+00:00,CHARLOTTE HORNETS,CHICAGO BULLS,111,118
2017-01-03 01:00:00+00:00,WASHINGTON WIZARDS,HOUSTON ROCKETS,91,101
2017-01-03 03:30:00+00:00,DENVER NUGGETS,GOLDEN STATE WARRIORS,119,127
2017-01-03 03:30:00+00:00,PHOENIX SUNS,LOS ANGELES CLIPPERS,98,109
2017-01-04 00:00:00+00:00,MINNESOTA TIMBERWOLVES,PHILADELPHIA 76ERS,91,93
2017-01-04 00:30:00+00:00,UTAH JAZZ,BOSTON CELTICS,104,115
2017-01-04 00:30:00+00:00,INDIANA PACERS,DETROIT PISTONS,121,116
2017-01-04 01:30:00+00:00,WASHINGTON WIZARDS,DALLAS MAVERICKS,105,113
2017-01-04 01:30:00+00:00,TORONTO RAPTORS,SAN ANTONIO SPURS,82,110
2017-01-04 02:00:00+00:00,SACRAMENTO KINGS,DENVER NUGGETS,120,113
2017-01-04 02:00:00+00:00,MIAMI HEAT,PHOENIX SUNS,90,99
2017-01-04 03:30:00+00:00,MEMPHIS GRIZZLIES,LOS ANGELES LAKERS,102,116
2017-01-05 00:00:00+00:00,OKLAHOMA CITY THUNDER,CHARLOTTE HORNETS,112,123
2017-01-05 00:00:00+00:00,ATLANTA HAWKS,ORLANDO MAGIC,111,92
2017-01-05 00:30:00+00:00,MILWAUKEE BUCKS,NEW YORK KNICKS,105,104
2017-01-05 01:00:00+00:00,CHICAGO BULLS,CLEVELAND CAVALIERS,106,94
2017-01-05 03:30:00+00:00,PORTLAND TRAIL BLAZERS,GOLDEN STATE WARRIORS,117,125
2017-01-05 03:30:00+00:00,MEMPHIS GRIZZLIES,LOS ANGELES CLIPPERS,106,115
2017-01-05 03:30:00+00:00,MIAMI HEAT,SACRAMENTO KINGS,107,102
2017-01-06 00:00:00+00:00,BROOKLYN NETS,INDIANA PACERS,109,121
2017-01-06 00:30:00+00:00,CHARLOTTE HORNETS,DETROIT PISTONS,114,115
2017-01-06 00:30:00+00:00,UTAH JAZZ,TORONTO RAPTORS,93,101
2017-01-06 01:00:00+00:00,OKLAHOMA CITY THUNDER,HOUSTON ROCKETS,116,118
2017-01-06 01:00:00+00:00,ATLANTA HAWKS,NEW ORLEANS PELICANS,99,94
2017-01-06 01:30:00+00:00,PHOENIX SUNS,DALLAS MAVERICKS,102,95
2017-01-06 02:00:00+00:00,SAN ANTONIO SPURS,DENVER NUGGETS,127,99
2017-01-06 03:30:00+00:00,LOS ANGELES LAKERS,PORTLAND TRAIL BLAZERS,109,118
2017-01-07 00:00:00+00:00,HOUSTON ROCKETS,ORLANDO MAGIC,100,93
2017-01-07 00:00:00+00:00,MINNESOTA TIMBERWOLVES,WASHINGTON WIZARDS,105,112
2017-01-07 00:30:00+00:00,PHILADELPHIA 76ERS,BOSTON CELTICS,106,110
2017-01-07 00:30:00+00:00,CLEVELAND CAVALIERS,BROOKLYN NETS,116,108
2017-01-07 01:00:00+00:00,NEW YORK KNICKS,MILWAUKEE BUCKS,116,111
2017-01-07 03:30:00+00:00,MEMPHIS GRIZZLIES,GOLDEN STATE WARRIORS,128,119
2017-01-07 03:30:00+00:00,MIAMI HEAT,LOS ANGELES LAKERS,100,127
2017-01-07 03:30:00+00:00,LOS ANGELES CLIPPERS,SACRAMENTO KINGS,106,98
2017-01-08 00:00:00+00:00,NEW YORK KNICKS,INDIANA PACERS,109,123
2017-01-08 00:30:00+00:00,NEW ORLEANS PELICANS,BOSTON CELTICS,108,117
2017-01-08 01:00:00+00:00,TORONTO RAPTORS,CHICAGO BULLS,118,123
2017-01-08 01:00:00+00:00,UTAH JAZZ,MINNESOTA TIMBERWOLVES,94,92
2017-01-08 01:00:00+00:00,DENVER NUGGETS,OKLAHOMA CITY THUNDER,106,121
2017-01-08 01:30:00+00:00,ATLANTA HAWKS,DALLAS MAVERICKS,97,82
2017-01-08 01:30:00+00:00,CHARLOTTE HORNETS,SAN ANTONIO SPURS,85,102
2017-01-08 17:00:00+00:00,PHILADELPHIA 76ERS,BROOKLYN NETS,105,95
2017-01-08 19:00:00+00:00,WASHINGTON WIZARDS,MILWAUKEE BUCKS,107,101
2017-01-08 20:30:00+00:00,MIAMI HEAT,LOS ANGELES CLIPPERS,86,98
2017-01-08 23:00:00+00:00,HOUSTON ROCKETS,TORONTO RAPTORS,129,122
2017-01-09 01:00:00+00:00,UTAH JAZZ,MEMPHIS GRIZZLIES,79,88
2017-01-09 01:30:00+00:00,CLEVELAND CAVALIERS,PHOENIX SUNS,120,116
2017-01-09 02:00:00+00:00,DETROIT PISTONS,PORTLAND TRAIL BLAZERS,125,124
2017-01-09 02:00:00+00:00,GOLDEN STATE WARRIORS,SACRAMENTO KINGS,117,106
2017-01-09 02:30:00+00:00,ORLANDO MAGIC,LOS ANGELES LAKERS,95,111
2017-01-10 00:30:00+00:00,NEW ORLEANS PELICANS,NEW YORK KNICKS,110,96
2017-01-10 01:00:00+00:00,OKLAHOMA CITY THUNDER,CHICAGO BULLS,109,94
2017-01-10 01:00:00+00:00,DALLAS MAVERICKS,MINNESOTA TIMBERWOLVES,92,101
2017-01-11 00:00:00+00:00,CHICAGO BULLS,WASHINGTON WIZARDS,99,101
2017-01-11 00:30:00+00:00,ATLANTA HAWKS,BROOKLYN NETS,117,97
2017-01-11 00:30:00+00:00,BOSTON CELTICS,TORONTO RAPTORS,106,114
2017-01-11 01:00:00+00:00,CHARLOTTE HORNETS,HOUSTON ROCKETS,114,121
2017-01-11 01:30:00+00:00,MILWAUKEE BUCKS,SAN ANTONIO SPURS,109,107
2017-01-11 02:00:00+00:00,CLEVELAND CAVALIERS,UTAH JAZZ,92,100
2017-01-11 03:30:00+00:00,MIAMI HEAT,GOLDEN STATE WARRIORS,95,107
2017-01-11 03:30:00+00:00,PORTLAND TRAIL BLAZERS,LOS ANGELES LAKERS,108,87
2017-01-11 03:30:00+00:00,DETROIT PISTONS,SACRAMENTO KINGS,94,100
2017-01-12 00:00:00+00:00,NEW YORK KNICKS,PHILADELPHIA 76ERS,97,98
2017-01-12 01:00:00+00:00,WASHINGTON WIZARDS,BOSTON CELTICS,108,117
2017-01-12 01:00:00+00:00,HOUSTON ROCKETS,MINNESOTA TIMBERWOLVES,105,119
2017-01-12 01:00:00+00:00,MEMPHIS GRIZZLIES,OKLAHOMA CITY THUNDER,95,103
2017-01-12 03:30:00+00:00,ORLANDO MAGIC,LOS ANGELES CLIPPERS,96,105
2017-01-12 03:30:00+00:00,CLEVELAND CAVALIERS,PORTLAND TRAIL BLAZERS,86,102
2017-01-12 20:00:00+00:00,INDIANA PACERS,DENVER NUGGETS,112,140
2017-01-13 00:30:00+00:00,NEW ORLEANS PELICANS,BROOKLYN NETS,104,95
2017-01-13 01:00:00+00:00,CHICAGO BULLS,NEW YORK KNICKS,89,104
2017-01-13 01:30:00+00:00,LOS ANGELES LAKERS,SAN ANTONIO SPURS,94,134
2017-01-13 03:00:00+00:00,DALLAS MAVERICKS,PHOENIX SUNS,113,108
2017-01-13 03:30:00+00:00,DETROIT PISTONS,GOLDEN STATE WARRIORS,107,127
2017-01-14 00:00:00+00:00,CHARLOTTE HORNETS,PHILADELPHIA 76ERS,93,102
2017-01-14 00:30:00+00:00,BROOKLYN NETS,TORONTO RAPTORS,113,132
2017-01-14 01:00:00+00:00,BOSTON CELTICS,ATLANTA HAWKS,103,101
2017-01-14 01:00:00+00:00,MEMPHIS GRIZZLIES,HOUSTON ROCKETS,110,105
2017-01-14 01:00:00+00:00,MIAMI HEAT,MILWAUKEE BUCKS,108,116
2017-01-14 01:00:00+00:00,OKLAHOMA CITY THUNDER,MINNESOTA TIMBERWOLVES,86,96
2017-01-14 03:00:00+00:00,ORLANDO MAGIC,PORTLAND TRAIL BLAZERS,115,109
2017-01-14 03:30:00+00:00,CLEVELAND CAVALIERS,SACRAMENTO KINGS,120,108
2017-01-14 03:30:00+00:00,DETROIT PISTONS,UTAH JAZZ,77,110
2017-01-14 20:30:00+00:00,LOS ANGELES LAKERS,LOS ANGELES CLIPPERS,97,113
2017-01-14 22:00:00+00:00,NEW ORLEANS PELICANS,CHICAGO BULLS,99,107
2017-01-14 23:00:00+00:00,SAN ANTONIO SPURS,PHOENIX SUNS,105,108
2017-01-15 01:00:00+00:00,PHILADELPHIA 76ERS,WASHINGTON WIZARDS,93,109
2017-01-15 02:00:00+00:00,ORLANDO MAGIC,UTAH JAZZ,107,114
2017-01-15 19:00:00+00:00,MINNESOTA TIMBERWOLVES,DALLAS MAVERICKS,87,98
2017-01-15 20:00:00+00:00,MILWAUKEE BUCKS,ATLANTA HAWKS,98,111
2017-01-15 20:00:00+00:00,NEW YORK KNICKS,TORONTO RAPTORS,101,116
2017-01-15 23:00:00+00:00,HOUSTON ROCKETS,BROOKLYN NETS,137,112
2017-01-16 02:00:00+00:00,CHICAGO BULLS,MEMPHIS GRIZZLIES,108,104
2017-01-16 02:00:00+00:00,OKLAHOMA CITY THUNDER,SACRAMENTO KINGS,122,118
2017-01-16 02:30:00+00:00,DETROIT PISTONS,LOS ANGELES LAKERS,102,97
2017-01-16 18:00:00+00:00,ATLANTA HAWKS,NEW YORK KNICKS,108,107
2017-01-16 19:00:00+00:00,PORTLAND TRAIL BLAZERS,WASHINGTON WIZARDS,101,120
2017-01-16 20:30:00+00:00,PHILADELPHIA 76ERS,MILWAUKEE BUCKS,113,104
2017-01-16 21:00:00+00:00,NEW ORLEANS PELICANS,INDIANA PACERS,95,98
2017-01-16 22:00:00+00:00,ORLANDO MAGIC,DENVER NUGGETS,112,125
2017-01-17 00:30:00+00:00,CHARLOTTE HORNETS,BOSTON CELTICS,98,108
2017-01-17 01:00:00+00:00,CLEVELAND CAVALIERS,GOLDEN STATE WARRIORS,91,126
2017-01-17 02:00:00+00:00,UTAH JAZZ,PHOENIX SUNS,106,101
2017-01-17 03:30:00+00:00,OKLAHOMA CITY THUNDER,LOS ANGELES CLIPPERS,98,120
2017-01-18 00:30:00+00:00,TORONTO RAPTORS,BROOKLYN NETS,119,109
2017-01-18 00:30:00+00:00,HOUSTON ROCKETS,MIAMI HEAT,103,109
2017-01-18 01:00:00+00:00,DALLAS MAVERICKS,CHICAGO BULLS,99,98
2017-01-18 01:30:00+00:00,MINNESOTA TIMBERWOLVES,SAN ANTONIO SPURS,114,122
2017-01-18 03:30:00+00:00,DENVER NUGGETS,LOS ANGELES LAKERS,127,121
2017-01-19 00:00:00+00:00,PORTLAND TRAIL BLAZERS,CHARLOTTE HORNETS,85,107
2017-01-19 00:00:00+00:00,TORONTO RAPTORS,PHILADELPHIA 76ERS,89,94
2017-01-19 00:00:00+00:00,MEMPHIS GRIZZLIES,WASHINGTON WIZARDS,101,104
2017-01-19 00:30:00+00:00,NEW YORK KNICKS,BOSTON CELTICS,117,106
2017-01-19 01:00:00+00:00,ATLANTA HAWKS,DETROIT PISTONS,95,118
2017-01-19 01:00:00+00:00,MILWAUKEE BUCKS,HOUSTON ROCKETS,92,111
2017-01-19 01:00:00+00:00,ORLANDO MAGIC,NEW ORLEANS PELICANS,98,118
2017-01-19 03:30:00+00:00,OKLAHOMA CITY THUNDER,GOLDEN STATE WARRIORS,100,121
2017-01-19 03:30:00+00:00,INDIANA PACERS,SACRAMENTO KINGS,106,100
2017-01-20 00:00:00+00:00,PHOENIX SUNS,CLEVELAND CAVALIERS,103,118
2017-01-20 00:30:00+00:00,DALLAS MAVERICKS,MIAMI HEAT,95,99
2017-01-20 01:00:00+00:00,WASHINGTON WIZARDS,NEW YORK KNICKS,113,110
2017-01-20 01:30:00+00:00,DENVER NUGGETS,SAN ANTONIO SPURS,104,118
2017-01-20 03:30:00+00:00,MINNESOTA TIMBERWOLVES,LOS ANGELES CLIPPERS,104,101
2017-01-21 00:00:00+00:00,TORONTO RAPTORS,CHARLOTTE HORNETS,78,113
2017-01-21 00:00:00+00:00,MILWAUKEE BUCKS,ORLANDO MAGIC,96,112
2017-01-21 00:00:00+00:00,PORTLAND TRAIL BLAZERS,PHILADELPHIA 76ERS,92,93
2017-01-21 01:00:00+00:00,CHICAGO BULLS,ATLANTA HAWKS,93,102
2017-01-21 01:00:00+00:00,GOLDEN STATE WARRIORS,HOUSTON ROCKETS,125,108
2017-01-21 01:00:00+00:00,SACRAMENTO KINGS,MEMPHIS GRIZZLIES,91,107
2017-01-21 01:00:00+00:00,BROOKLYN NETS,NEW ORLEANS PELICANS,143,114
2017-01-21 01:30:00+00:00,UTAH JAZZ,DALLAS MAVERICKS,112,107
2017-01-21 03:30:00+00:00,INDIANA PACERS,LOS ANGELES LAKERS,95,108
2017-01-21 22:00:00+00:00,PORTLAND TRAIL BLAZERS,BOSTON CELTICS,127,123
2017-01-21 23:00:00+00:00,WASHINGTON WIZARDS,DETROIT PISTONS,112,113
2017-01-22 00:00:00+00:00,PHILADELPHIA 76ERS,ATLANTA HAWKS,93,110
2017-01-22 00:00:00+00:00,BROOKLYN NETS,CHARLOTTE HORNETS,105,112
2017-01-22 00:30:00+00:00,MILWAUKEE BUCKS,MIAMI HEAT,97,109
2017-01-22 00:30:00+00:00,PHOENIX SUNS,NEW YORK KNICKS,107,105
2017-01-22 01:00:00+00:00,HOUSTON ROCKETS,MEMPHIS GRIZZLIES,119,95
2017-01-22 01:30:00+00:00,SAN ANTONIO SPURS,CLEVELAND CAVALIERS,118,115
2017-01-22 02:00:00+00:00,SACRAMENTO KINGS,CHICAGO BULLS,99,102
2017-01-22 02:00:00+00:00,LOS ANGELES CLIPPERS,DENVER NUGGETS,98,123
2017-01-22 02:00:00+00:00,INDIANA PACERS,UTAH JAZZ,100,109
2017-01-22 17:00:00+00:00,GOLDEN STATE WARRIORS,ORLANDO MAGIC,118,98
2017-01-22 20:30:00+00:00,LOS ANGELES LAKERS,DALLAS MAVERICKS,73,122
2017-01-22 23:00:00+00:00,PHOENIX SUNS,TORONTO RAPTORS,115,103
2017-01-23 00:00:00+00:00,DENVER NUGGETS,MINNESOTA TIMBERWOLVES,108,111
2017-01-24 00:00:00+00:00,WASHINGTON WIZARDS,CHARLOTTE HORNETS,109,99
2017-01-24 00:30:00+00:00,LOS ANGELES CLIPPERS,ATLANTA HAWKS,115,105
2017-01-24 00:30:00+00:00,SAN ANTONIO SPURS,BROOKLYN NETS,112,86
2017-01-24 00:30:00+00:00,SACRAMENTO KINGS,DETROIT PISTONS,109,104
2017-01-24 00:30:00+00:00,GOLDEN STATE WARRIORS,MIAMI HEAT,102,105
2017-01-24 01:00:00+00:00,NEW YORK KNICKS,INDIANA PACERS,109,103
2017-01-24 01:00:00+00:00,HOUSTON ROCKETS,MILWAUKEE BUCKS,114,127
2017-01-24 01:00:00+00:00,CLEVELAND CAVALIERS,NEW ORLEANS PELICANS,122,124
2017-01-24 02:00:00+00:00,OKLAHOMA CITY THUNDER,UTAH JAZZ,97,95
2017-01-25 00:00:00+00:00,CHICAGO BULLS,ORLANDO MAGIC,100,92
2017-01-25 00:00:00+00:00,LOS ANGELES CLIPPERS,PHILADELPHIA 76ERS,110,121
2017-01-25 00:00:00+00:00,SAN ANTONIO SPURS,TORONTO RAPTORS,108,106
2017-01-25 00:00:00+00:00,BOSTON CELTICS,WASHINGTON WIZARDS,108,123
2017-01-25 02:00:00+00:00,UTAH JAZZ,DENVER NUGGETS,93,103
2017-01-25 02:00:00+00:00,MINNESOTA TIMBERWOLVES,PHOENIX SUNS,112,111
2017-01-26 00:00:00+00:00,SACRAMENTO KINGS,CLEVELAND CAVALIERS,116,112
2017-01-26 00:30:00+00:00,HOUSTON ROCKETS,BOSTON CELTICS,109,120
2017-01-26 00:30:00+00:00,MIAMI HEAT,BROOKLYN NETS,109,106
2017-01-26 01:00:00+00:00,ATLANTA HAWKS,CHICAGO BULLS,119,114
2017-01-26 01:00:00+00:00,GOLDEN STATE WARRIORS,CHARLOTTE HORNETS,113,103
2017-01-26 01:00:00+00:00,TORONTO RAPTORS,MEMPHIS GRIZZLIES,99,101
2017-01-26 01:00:00+00:00,PHILADELPHIA 76ERS,MILWAUKEE BUCKS,114,109
2017-01-26 01:00:00+00:00,OKLAHOMA CITY THUNDER,NEW ORLEANS PELICANS,114,105
2017-01-26 01:30:00+00:00,NEW YORK KNICKS,DALLAS MAVERICKS,95,103
2017-01-26 03:30:00+00:00,LOS ANGELES LAKERS,PORTLAND TRAIL BLAZERS,98,105
2017-01-27 01:00:00+00:00,INDIANA PACERS,MINNESOTA TIMBERWOLVES,109,103
2017-01-27 01:00:00+00:00,DALLAS MAVERICKS,OKLAHOMA CITY THUNDER,98,109
2017-01-27 02:00:00+00:00,PHOENIX SUNS,DENVER NUGGETS,120,127
2017-01-27 03:30:00+00:00,LOS ANGELES LAKERS,UTAH JAZZ,88,96
2017-01-28 00:00:00+00:00,SACRAMENTO KINGS,INDIANA PACERS,111,115
2017-01-28 00:30:00+00:00,ORLANDO MAGIC,BOSTON CELTICS,98,128
2017-01-28 00:30:00+00:00,BROOKLYN NETS,CLEVELAND CAVALIERS,116,124
2017-01-28 00:30:00+00:00,CHARLOTTE HORNETS,NEW YORK KNICKS,107,110
2017-01-28 00:30:00+00:00,MILWAUKEE BUCKS,TORONTO RAPTORS,86,102
2017-01-28 01:00:00+00:00,WASHINGTON WIZARDS,ATLANTA HAWKS,112,86
2017-01-28 01:00:00+00:00,MIAMI HEAT,CHICAGO BULLS,100,88
2017-01-28 01:00:00+00:00,SAN ANTONIO SPURS,NEW ORLEANS PELICANS,103,119
2017-01-28 01:00:00+00:00,HOUSTON ROCKETS,PHILADELPHIA 76ERS,123,118
2017-01-28 03:00:00+00:00,MEMPHIS GRIZZLIES,PORTLAND TRAIL BLAZERS,109,112
2017-01-29 00:00:00+00:00,SACRAMENTO KINGS,CHARLOTTE HORNETS,109,106
2017-01-29 00:30:00+00:00,DETROIT PISTONS,MIAMI HEAT,103,116
2017-01-29 01:00:00+00:00,BOSTON CELTICS,MILWAUKEE BUCKS,112,108
2017-01-29 01:30:00+00:00,LOS ANGELES CLIPPERS,GOLDEN STATE WARRIORS,98,144
2017-01-29 02:00:00+00:00,BROOKLYN NETS,MINNESOTA TIMBERWOLVES,109,129
2017-01-29 02:00:00+00:00,DENVER NUGGETS,PHOENIX SUNS,123,112
2017-01-29 02:00:00+00:00,MEMPHIS GRIZZLIES,UTAH JAZZ,102,95
2017-01-29 20:00:00+00:00,NEW YORK KNICKS,ATLANTA HAWKS,139,142
2017-01-29 20:30:00+00:00,OKLAHOMA CITY THUNDER,CLEVELAND CAVALIERS,91,107
2017-01-29 23:00:00+00:00,HOUSTON ROCKETS,INDIANA PACERS,101,120
2017-01-29 23:00:00+00:00,WASHINGTON WIZARDS,NEW ORLEANS PELICANS,107,94
2017-01-29 23:00:00+00:00,ORLANDO MAGIC,TORONTO RAPTORS,114,113
2017-01-30 00:00:00+00:00,PHILADELPHIA 76ERS,CHICAGO BULLS,108,121
2017-01-30 00:00:00+00:00,DALLAS MAVERICKS,SAN ANTONIO SPURS,105,101
2017-01-30 02:00:00+00:00,GOLDEN STATE WARRIORS,PORTLAND TRAIL BLAZERS,113,111
2017-01-30 23:00:00+00:00,SACRAMENTO KINGS,PHILADELPHIA 76ERS,119,122
2017-01-31 00:30:00+00:00,BROOKLYN NETS,MIAMI HEAT,96,104
2017-01-31 01:00:00+00:00,DETROIT PISTONS,BOSTON CELTICS,109,113
2017-01-31 01:00:00+00:00,ORLANDO MAGIC,MINNESOTA TIMBERWOLVES,105,111
2017-01-31 01:30:00+00:00,CLEVELAND CAVALIERS,DALLAS MAVERICKS,97,104
2017-01-31 03:30:00+00:00,MEMPHIS GRIZZLIES,PHOENIX SUNS,115,96
2017-02-01 00:00:00+00:00,NEW ORLEANS PELICANS,TORONTO RAPTORS,106,108
2017-02-01 00:00:00+00:00,NEW YORK KNICKS,WASHINGTON WIZARDS,101,117
2017-02-01 01:00:00+00:00,SACRAMENTO KINGS,HOUSTON ROCKETS,83,105
2017-02-01 01:30:00+00:00,OKLAHOMA CITY THUNDER,SAN ANTONIO SPURS,94,108
2017-02-01 03:00:00+00:00,CHARLOTTE HORNETS,PORTLAND TRAIL BLAZERS,98,115
2017-02-01 03:30:00+00:00,DENVER NUGGETS,LOS ANGELES LAKERS,116,120
2017-02-02 00:00:00+00:00,MINNESOTA TIMBERWOLVES,CLEVELAND CAVALIERS,97,125
2017-02-02 00:00:00+00:00,INDIANA PACERS,ORLANDO MAGIC,98,88
2017-02-02 00:30:00+00:00,TORONTO RAPTORS,BOSTON CELTICS,104,109
2017-02-02 00:30:00+00:00,NEW YORK KNICKS,BROOKLYN NETS,95,90
2017-02-02 00:30:00+00:00,NEW ORLEANS PELICANS,DETROIT PISTONS,98,118
2017-02-02 00:30:00+00:00,ATLANTA HAWKS,MIAMI HEAT,93,116
2017-02-02 01:30:00+00:00,PHILADELPHIA 76ERS,DALLAS MAVERICKS,95,113
2017-02-02 02:00:00+00:00,MEMPHIS GRIZZLIES,DENVER NUGGETS,119,99
2017-02-02 02:00:00+00:00,LOS ANGELES CLIPPERS,PHOENIX SUNS,124,114
2017-02-02 02:00:00+00:00,MILWAUKEE BUCKS,UTAH JAZZ,88,104
2017-02-02 02:30:00+00:00,CHICAGO BULLS,OKLAHOMA CITY THUNDER,128,100
2017-02-02 03:30:00+00:00,CHARLOTTE HORNETS,GOLDEN STATE WARRIORS,111,126
2017-02-03 00:00:00+00:00,LOS ANGELES LAKERS,WASHINGTON WIZARDS,108,116
2017-02-03 01:00:00+00:00,ATLANTA HAWKS,HOUSTON ROCKETS,113,108
2017-02-03 01:30:00+00:00,PHILADELPHIA 76ERS,SAN ANTONIO SPURS,86,102
2017-02-03 03:30:00+00:00,GOLDEN STATE WARRIORS,LOS ANGELES CLIPPERS,133,120
2017-02-04 00:00:00+00:00,TORONTO RAPTORS,ORLANDO MAGIC,94,102
2017-02-04 00:30:00+00:00,INDIANA PACERS,BROOKLYN NETS,106,97
2017-02-04 00:30:00+00:00,MINNESOTA TIMBERWOLVES,DETROIT PISTONS,108,116
2017-02-04 01:00:00+00:00,LOS ANGELES LAKERS,BOSTON CELTICS,107,113
2017-02-04 01:00:00+00:00,CHICAGO BULLS,HOUSTON ROCKETS,117,121
2017-02-04 01:00:00+00:00,MEMPHIS GRIZZLIES,OKLAHOMA CITY THUNDER,102,114
2017-02-04 02:00:00+00:00,MILWAUKEE BUCKS,DENVER NUGGETS,117,121
2017-02-04 03:30:00+00:00,DALLAS MAVERICKS,PORTLAND TRAIL BLAZERS,108,104
2017-02-04 03:30:00+00:00,PHOENIX SUNS,SACRAMENTO KINGS,105,103
2017-02-05 00:00:00+00:00,ORLANDO MAGIC,ATLANTA HAWKS,86,113
2017-02-05 00:00:00+00:00,DETROIT PISTONS,INDIANA PACERS,84,105
2017-02-05 00:00:00+00:00,NEW ORLEANS PELICANS,WASHINGTON WIZARDS,91,105
2017-02-05 00:30:00+00:00,PHILADELPHIA 76ERS,MIAMI HEAT,102,125
2017-02-05 01:30:00+00:00,CLEVELAND CAVALIERS,NEW YORK KNICKS,111,104
2017-02-05 02:00:00+00:00,MEMPHIS GRIZZLIES,MINNESOTA TIMBERWOLVES,107,99
2017-02-05 02:00:00+00:00,MILWAUKEE BUCKS,PHOENIX SUNS,137,112
2017-02-05 02:00:00+00:00,DENVER NUGGETS,SAN ANTONIO SPURS,97,121
2017-02-05 02:00:00+00:00,CHARLOTTE HORNETS,UTAH JAZZ,98,105
2017-02-05 03:30:00+00:00,GOLDEN STATE WARRIORS,SACRAMENTO KINGS,106,109
2017-02-05 17:00:00+00:00,TORONTO RAPTORS,BROOKLYN NETS,103,95
2017-02-05 19:00:00+00:00,LOS ANGELES CLIPPERS,BOSTON CELTICS,102,107
2017-02-05 20:00:00+00:00,PORTLAND TRAIL BLAZERS,OKLAHOMA CITY THUNDER,99,105
2017-02-07 00:00:00+00:00,OKLAHOMA CITY THUNDER,INDIANA PACERS,90,93
2017-02-07 00:00:00+00:00,LOS ANGELES LAKERS,NEW YORK KNICKS,121,107
2017-02-07 00:00:00+00:00,CLEVELAND CAVALIERS,WASHINGTON WIZARDS,140,135
2017-02-07 00:30:00+00:00,UTAH JAZZ,ATLANTA HAWKS,120,95
2017-02-07 00:30:00+00:00,PHILADELPHIA 76ERS,DETROIT PISTONS,96,113
2017-02-07 00:30:00+00:00,LOS ANGELES CLIPPERS,TORONTO RAPTORS,109,118
2017-02-07 01:00:00+00:00,MIAMI HEAT,MINNESOTA TIMBERWOLVES,115,113
2017-02-07 01:00:00+00:00,PHOENIX SUNS,NEW ORLEANS PELICANS,106,111
2017-02-07 02:00:00+00:00,DALLAS MAVERICKS,DENVER NUGGETS,87,110
2017-02-07 02:30:00+00:00,SAN ANTONIO SPURS,MEMPHIS GRIZZLIES,74,89
2017-02-07 03:30:00+00:00,CHICAGO BULLS,SACRAMENTO KINGS,112,107
2017-02-08 00:00:00+00:00,BROOKLYN NETS,CHARLOTTE HORNETS,107,111
2017-02-08 01:00:00+00:00,ORLANDO MAGIC,HOUSTON ROCKETS,104,128
2017-02-08 01:30:00+00:00,PORTLAND TRAIL BLAZERS,DALLAS MAVERICKS,114,113
2017-02-09 00:00:00+00:00,CLEVELAND CAVALIERS,INDIANA PACERS,132,117
2017-02-09 00:00:00+00:00,SAN ANTONIO SPURS,PHILADELPHIA 76ERS,111,103
2017-02-09 00:30:00+00:00,DENVER NUGGETS,ATLANTA HAWKS,106,117
2017-02-09 00:30:00+00:00,WASHINGTON WIZARDS,BROOKLYN NETS,114,110
2017-02-09 00:30:00+00:00,LOS ANGELES LAKERS,DETROIT PISTONS,102,121
2017-02-09 01:00:00+00:00,PHOENIX SUNS,MEMPHIS GRIZZLIES,91,110
2017-02-09 01:00:00+00:00,MIAMI HEAT,MILWAUKEE BUCKS,106,88
2017-02-09 01:00:00+00:00,TORONTO RAPTORS,MINNESOTA TIMBERWOLVES,109,112
2017-02-09 01:00:00+00:00,UTAH JAZZ,NEW ORLEANS PELICANS,127,94
2017-02-09 01:00:00+00:00,LOS ANGELES CLIPPERS,NEW YORK KNICKS,119,115
2017-02-09 03:30:00+00:00,CHICAGO BULLS,GOLDEN STATE WARRIORS,92,123
2017-02-09 03:30:00+00:00,BOSTON CELTICS,SACRAMENTO KINGS,92,108
2017-02-10 00:00:00+00:00,HOUSTON ROCKETS,CHARLOTTE HORNETS,107,95
2017-02-10 00:00:00+00:00,PHILADELPHIA 76ERS,ORLANDO MAGIC,112,111
2017-02-10 01:00:00+00:00,CLEVELAND CAVALIERS,OKLAHOMA CITY THUNDER,109,118
2017-02-10 01:30:00+00:00,UTAH JAZZ,DALLAS MAVERICKS,105,112
2017-02-10 03:30:00+00:00,BOSTON CELTICS,PORTLAND TRAIL BLAZERS,120,111
2017-02-11 00:30:00+00:00,MIAMI HEAT,BROOKLYN NETS,108,99
2017-02-11 00:30:00+00:00,SAN ANTONIO SPURS,DETROIT PISTONS,103,92
2017-02-11 00:30:00+00:00,DENVER NUGGETS,NEW YORK KNICKS,131,123
2017-02-11 01:00:00+00:00,GOLDEN STATE WARRIORS,MEMPHIS GRIZZLIES,122,107
2017-02-11 01:00:00+00:00,LOS ANGELES LAKERS,MILWAUKEE BUCKS,122,114
2017-02-11 01:00:00+00:00,NEW ORLEANS PELICANS,MINNESOTA TIMBERWOLVES,122,106
2017-02-11 01:00:00+00:00,INDIANA PACERS,WASHINGTON WIZARDS,107,112
2017-02-11 03:30:00+00:00,CHICAGO BULLS,PHOENIX SUNS,97,115
2017-02-11 03:30:00+00:00,ATLANTA HAWKS,SACRAMENTO KINGS,107,108
2017-02-11 22:00:00+00:00,LOS ANGELES CLIPPERS,CHARLOTTE HORNETS,107,102
2017-02-12 00:00:00+00:00,MILWAUKEE BUCKS,INDIANA PACERS,116,100
2017-02-12 00:30:00+00:00,DENVER NUGGETS,CLEVELAND CAVALIERS,109,125
2017-02-12 00:30:00+00:00,MIAMI HEAT,PHILADELPHIA 76ERS,109,117
2017-02-12 01:30:00+00:00,GOLDEN STATE WARRIORS,OKLAHOMA CITY THUNDER,130,114
2017-02-12 02:00:00+00:00,ORLANDO MAGIC,DALLAS MAVERICKS,80,112
2017-02-12 02:00:00+00:00,PHOENIX SUNS,HOUSTON ROCKETS,102,133
2017-02-12 03:00:00+00:00,BOSTON CELTICS,UTAH JAZZ,112,104
2017-02-12 20:30:00+00:00,CHICAGO BULLS,MINNESOTA TIMBERWOLVES,89,117
2017-02-12 20:30:00+00:00,SAN ANTONIO SPURS,NEW YORK KNICKS,90,94
2017-02-12 23:00:00+00:00,DETROIT PISTONS,TORONTO RAPTORS,102,101
2017-02-13 02:00:00+00:00,NEW ORLEANS PELICANS,SACRAMENTO KINGS,99,105
2017-02-14 00:00:00+00:00,PHILADELPHIA 76ERS,CHARLOTTE HORNETS,105,99
2017-02-14 00:00:00+00:00,SAN ANTONIO SPURS,INDIANA PACERS,110,106
2017-02-14 00:30:00+00:00,MEMPHIS GRIZZLIES,BROOKLYN NETS,112,103
2017-02-14 00:30:00+00:00,ORLANDO MAGIC,MIAMI HEAT,116,107
2017-02-14 01:00:00+00:00,DETROIT PISTONS,MILWAUKEE BUCKS,89,102
2017-02-14 01:00:00+00:00,OKLAHOMA CITY THUNDER,WASHINGTON WIZARDS,98,120
2017-02-14 01:30:00+00:00,BOSTON CELTICS,DALLAS MAVERICKS,111,98
2017-02-14 02:00:00+00:00,GOLDEN STATE WARRIORS,DENVER NUGGETS,110,132
2017-02-14 02:00:00+00:00,NEW ORLEANS PELICANS,PHOENIX SUNS,110,108
2017-02-14 02:00:00+00:00,LOS ANGELES CLIPPERS,UTAH JAZZ,88,72
2017-02-14 03:30:00+00:00,ATLANTA HAWKS,PORTLAND TRAIL BLAZERS,109,104
2017-02-15 01:00:00+00:00,TORONTO RAPTORS,CHICAGO BULLS,94,105
2017-02-15 01:00:00+00:00,CLEVELAND CAVALIERS,MINNESOTA TIMBERWOLVES,116,108
2017-02-15 03:30:00+00:00,SACRAMENTO KINGS,LOS ANGELES LAKERS,97,96
2017-02-16 00:00:00+00:00,INDIANA PACERS,CLEVELAND CAVALIERS,104,113
2017-02-16 00:00:00+00:00,SAN ANTONIO SPURS,ORLANDO MAGIC,107,79
2017-02-16 00:30:00+00:00,PHILADELPHIA 76ERS,BOSTON CELTICS,108,116
2017-02-16 00:30:00+00:00,MILWAUKEE BUCKS,BROOKLYN NETS,129,125
2017-02-16 00:30:00+00:00,DALLAS MAVERICKS,DETROIT PISTONS,91,98
2017-02-16 00:30:00+00:00,CHARLOTTE HORNETS,TORONTO RAPTORS,85,90
2017-02-16 01:00:00+00:00,MIAMI HEAT,HOUSTON ROCKETS,117,109
2017-02-16 01:00:00+00:00,NEW ORLEANS PELICANS,MEMPHIS GRIZZLIES,95,91
2017-02-16 02:00:00+00:00,MINNESOTA TIMBERWOLVES,DENVER NUGGETS,112,99
2017-02-16 02:00:00+00:00,LOS ANGELES LAKERS,PHOENIX SUNS,101,137
2017-02-16 02:00:00+00:00,PORTLAND TRAIL BLAZERS,UTAH JAZZ,88,111
2017-02-16 02:30:00+00:00,NEW YORK KNICKS,OKLAHOMA CITY THUNDER,105,116
2017-02-16 03:30:00+00:00,SACRAMENTO KINGS,GOLDEN STATE WARRIORS,86,109
2017-02-16 03:30:00+00:00,ATLANTA HAWKS,LOS ANGELES CLIPPERS,84,99
2017-02-17 00:00:00+00:00,WASHINGTON WIZARDS,INDIANA PACERS,111,98
2017-02-17 01:00:00+00:00,BOSTON CELTICS,CHICAGO BULLS,103,104
2017-02-24 00:00:00+00:00,PORTLAND TRAIL BLAZERS,ORLANDO MAGIC,112,103
2017-02-24 00:30:00+00:00,CHARLOTTE HORNETS,DETROIT PISTONS,108,114
2017-02-24 01:00:00+00:00,NEW YORK KNICKS,CLEVELAND CAVALIERS,104,119
2017-02-24 01:00:00+00:00,HOUSTON ROCKETS,NEW ORLEANS PELICANS,129,99
2017-02-24 03:30:00+00:00,LOS ANGELES CLIPPERS,GOLDEN STATE WARRIORS,113,123
2017-02-24 03:30:00+00:00,DENVER NUGGETS,SACRAMENTO KINGS,100,116
2017-02-25 00:00:00+00:00,MEMPHIS GRIZZLIES,INDIANA PACERS,92,102
2017-02-25 00:00:00+00:00,WASHINGTON WIZARDS,PHILADELPHIA 76ERS,112,120
2017-02-25 01:00:00+00:00,MIAMI HEAT,ATLANTA HAWKS,108,90
2017-02-25 01:00:00+00:00,PHOENIX SUNS,CHICAGO BULLS,121,128
2017-02-25 01:00:00+00:00,UTAH JAZZ,MILWAUKEE BUCKS,109,95
2017-02-25 01:00:00+00:00,DALLAS MAVERICKS,MINNESOTA TIMBERWOLVES,84,97
2017-02-25 01:00:00+00:00,LOS ANGELES LAKERS,OKLAHOMA CITY THUNDER,93,110
2017-02-25 01:00:00+00:00,BOSTON CELTICS,TORONTO RAPTORS,97,107
2017-02-25 02:00:00+00:00,BROOKLYN NETS,DENVER NUGGETS,109,129
2017-02-25 03:30:00+00:00,SAN ANTONIO SPURS,LOS ANGELES CLIPPERS,105,97
2017-02-25 22:00:00+00:00,CHARLOTTE HORNETS,SACRAMENTO KINGS,99,85
2017-02-26 00:00:00+00:00,ATLANTA HAWKS,ORLANDO MAGIC,86,105
2017-02-26 00:30:00+00:00,PHILADELPHIA 76ERS,NEW YORK KNICKS,109,110
2017-02-26 01:00:00+00:00,INDIANA PACERS,MIAMI HEAT,95,113
2017-02-26 01:30:00+00:00,CHICAGO BULLS,CLEVELAND CAVALIERS,117,99
2017-02-26 01:30:00+00:00,NEW ORLEANS PELICANS,DALLAS MAVERICKS,83,96
2017-02-26 02:00:00+00:00,MINNESOTA TIMBERWOLVES,HOUSTON ROCKETS,130,142
2017-02-26 03:30:00+00:00,BROOKLYN NETS,GOLDEN STATE WARRIORS,95,112
2017-02-26 20:30:00+00:00,SAN ANTONIO SPURS,LOS ANGELES LAKERS,119,98
2017-02-26 20:30:00+00:00,PHOENIX SUNS,MILWAUKEE BUCKS,96,100
2017-02-26 22:00:00+00:00,MEMPHIS GRIZZLIES,DENVER NUGGETS,105,98
2017-02-26 22:00:00+00:00,UTAH JAZZ,WASHINGTON WIZARDS,102,92
2017-02-26 23:00:00+00:00,BOSTON CELTICS,DETROIT PISTONS,104,98
2017-02-26 23:00:00+00:00,PORTLAND TRAIL BLAZERS,TORONTO RAPTORS,106,112
2017-02-27 00:00:00+00:00,NEW ORLEANS PELICANS,OKLAHOMA CITY THUNDER,110,118
2017-02-27 02:30:00+00:00,CHARLOTTE HORNETS,LOS ANGELES CLIPPERS,121,124
2017-02-28 00:00:00+00:00,MILWAUKEE BUCKS,CLEVELAND CAVALIERS,95,102
2017-02-28 00:00:00+00:00,TORONTO RAPTORS,NEW YORK KNICKS,92,91
2017-02-28 00:00:00+00:00,GOLDEN STATE WARRIORS,PHILADELPHIA 76ERS,119,108
2017-02-28 00:30:00+00:00,ATLANTA HAWKS,BOSTON CELTICS,114,98
2017-02-28 01:30:00+00:00,MIAMI HEAT,DALLAS MAVERICKS,89,96
2017-02-28 02:30:00+00:00,INDIANA PACERS,HOUSTON ROCKETS,117,108
2017-02-28 03:30:00+00:00,MINNESOTA TIMBERWOLVES,SACRAMENTO KINGS,102,88
2017-03-01 00:00:00+00:00,GOLDEN STATE WARRIORS,WASHINGTON WIZARDS,108,112
2017-03-01 00:30:00+00:00,PORTLAND TRAIL BLAZERS,DETROIT PISTONS,113,120
2017-03-01 01:00:00+00:00,DENVER NUGGETS,CHICAGO BULLS,125,107
2017-03-01 01:00:00+00:00,PHOENIX SUNS,MEMPHIS GRIZZLIES,112,130
2017-03-01 01:00:00+00:00,UTAH JAZZ,OKLAHOMA CITY THUNDER,106,109
2017-03-01 03:30:00+00:00,CHARLOTTE HORNETS,LOS ANGELES LAKERS,109,104
2017-03-02 00:00:00+00:00,NEW YORK KNICKS,ORLANDO MAGIC,101,90
2017-03-02 00:30:00+00:00,DALLAS MAVERICKS,ATLANTA HAWKS,95,100
2017-03-02 00:30:00+00:00,PHILADELPHIA 76ERS,MIAMI HEAT,98,125
2017-03-02 00:30:00+00:00,WASHINGTON WIZARDS,TORONTO RAPTORS,105,96
2017-03-02 01:00:00+00:00,CLEVELAND CAVALIERS,BOSTON CELTICS,99,103
2017-03-02 01:00:00+00:00,DENVER NUGGETS,MILWAUKEE BUCKS,110,98
2017-03-02 01:00:00+00:00,DETROIT PISTONS,NEW ORLEANS PELICANS,86,109
2017-03-02 01:30:00+00:00,INDIANA PACERS,SAN ANTONIO SPURS,99,100
2017-03-02 02:00:00+00:00,MINNESOTA TIMBERWOLVES,UTAH JAZZ,107,80
2017-03-02 03:30:00+00:00,HOUSTON ROCKETS,LOS ANGELES CLIPPERS,122,103
2017-03-02 03:30:00+00:00,BROOKLYN NETS,SACRAMENTO KINGS,109,100
2017-03-03 01:00:00+00:00,GOLDEN STATE WARRIORS,CHICAGO BULLS,87,94
2017-03-03 02:00:00+00:00,CHARLOTTE HORNETS,PHOENIX SUNS,103,120
2017-03-03 03:30:00+00:00,OKLAHOMA CITY THUNDER,PORTLAND TRAIL BLAZERS,109,114
2017-03-04 00:00:00+00:00,CLEVELAND CAVALIERS,ATLANTA HAWKS,135,130
2017-03-04 00:00:00+00:00,MIAMI HEAT,ORLANDO MAGIC,99,110
2017-03-04 00:00:00+00:00,NEW YORK KNICKS,PHILADELPHIA 76ERS,102,105
2017-03-04 00:00:00+00:00,TORONTO RAPTORS,WASHINGTON WIZARDS,114,106
2017-03-04 01:00:00+00:00,LOS ANGELES CLIPPERS,MILWAUKEE BUCKS,101,112
2017-03-04 01:30:00+00:00,MEMPHIS GRIZZLIES,DALLAS MAVERICKS,100,104
2017-03-04 02:00:00+00:00,OKLAHOMA CITY THUNDER,PHOENIX SUNS,111,118
2017-03-04 02:00:00+00:00,BROOKLYN NETS,UTAH JAZZ,97,112
2017-03-04 02:30:00+00:00,SAN ANTONIO SPURS,NEW ORLEANS PELICANS,101,98
2017-03-04 03:30:00+00:00,BOSTON CELTICS,LOS ANGELES LAKERS,115,95
2017-03-04 23:00:00+00:00,DETROIT PISTONS,PHILADELPHIA 76ERS,136,106
2017-03-05 01:00:00+00:00,CLEVELAND CAVALIERS,MIAMI HEAT,92,120
2017-03-05 01:00:00+00:00,TORONTO RAPTORS,MILWAUKEE BUCKS,94,101
2017-03-05 01:30:00+00:00,LOS ANGELES CLIPPERS,CHICAGO BULLS,101,91
2017-03-05 02:00:00+00:00,CHARLOTTE HORNETS,DENVER NUGGETS,112,102
2017-03-05 02:00:00+00:00,MEMPHIS GRIZZLIES,HOUSTON ROCKETS,108,123
2017-03-05 02:00:00+00:00,MINNESOTA TIMBERWOLVES,SAN ANTONIO SPURS,90,97
2017-03-05 03:00:00+00:00,BROOKLYN NETS,PORTLAND TRAIL BLAZERS,116,130
2017-03-05 18:00:00+00:00,INDIANA PACERS,ATLANTA HAWKS,97,96
2017-03-05 20:30:00+00:00,GOLDEN STATE WARRIORS,NEW YORK KNICKS,112,105
2017-03-05 22:00:00+00:00,BOSTON CELTICS,PHOENIX SUNS,106,109
2017-03-05 22:00:00+00:00,ORLANDO MAGIC,WASHINGTON WIZARDS,114,115
2017-03-05 23:00:00+00:00,UTAH JAZZ,SACRAMENTO KINGS,110,109
2017-03-06 01:30:00+00:00,OKLAHOMA CITY THUNDER,DALLAS MAVERICKS,89,104
2017-03-06 02:30:00+00:00,NEW ORLEANS PELICANS,LOS ANGELES LAKERS,105,97
2017-03-07 00:00:00+00:00,MIAMI HEAT,CLEVELAND CAVALIERS,106,98
2017-03-07 00:00:00+00:00,NEW YORK KNICKS,ORLANDO MAGIC,113,105
2017-03-07 00:00:00+00:00,MILWAUKEE BUCKS,PHILADELPHIA 76ERS,112,98
2017-03-07 00:30:00+00:00,GOLDEN STATE WARRIORS,ATLANTA HAWKS,119,111
2017-03-07 00:30:00+00:00,CHICAGO BULLS,DETROIT PISTONS,95,109
2017-03-07 01:00:00+00:00,INDIANA PACERS,CHARLOTTE HORNETS,88,100
2017-03-07 01:00:00+00:00,BROOKLYN NETS,MEMPHIS GRIZZLIES,122,109
2017-03-07 01:30:00+00:00,HOUSTON ROCKETS,SAN ANTONIO SPURS,110,112
2017-03-07 02:00:00+00:00,SACRAMENTO KINGS,DENVER NUGGETS,96,108
2017-03-07 02:00:00+00:00,NEW ORLEANS PELICANS,UTAH JAZZ,83,88
2017-03-07 03:30:00+00:00,BOSTON CELTICS,LOS ANGELES CLIPPERS,102,116
2017-03-08 01:00:00+00:00,PORTLAND TRAIL BLAZERS,OKLAHOMA CITY THUNDER,126,121
2017-03-08 01:30:00+00:00,LOS ANGELES LAKERS,DALLAS MAVERICKS,111,122
2017-03-08 02:00:00+00:00,WASHINGTON WIZARDS,PHOENIX SUNS,131,127
2017-03-09 00:00:00+00:00,CHICAGO BULLS,ORLANDO MAGIC,91,98
2017-03-09 00:30:00+00:00,BROOKLYN NETS,ATLANTA HAWKS,105,110
2017-03-09 00:30:00+00:00,CHARLOTTE HORNETS,MIAMI HEAT,101,108
2017-03-09 01:00:00+00:00,UTAH JAZZ,HOUSTON ROCKETS,115,108
2017-03-09 01:00:00+00:00,DETROIT PISTONS,INDIANA PACERS,98,115
2017-03-09 01:00:00+00:00,NEW YORK KNICKS,MILWAUKEE BUCKS,93,104
2017-03-09 01:00:00+00:00,LOS ANGELES CLIPPERS,MINNESOTA TIMBERWOLVES,91,107
2017-03-09 01:00:00+00:00,TORONTO RAPTORS,NEW ORLEANS PELICANS,94,87
2017-03-09 01:30:00+00:00,SACRAMENTO KINGS,SAN ANTONIO SPURS,104,114
2017-03-09 02:00:00+00:00,WASHINGTON WIZARDS,DENVER NUGGETS,123,113
2017-03-09 03:30:00+00:00,BOSTON CELTICS,GOLDEN STATE WARRIORS,99,86
2017-03-10 00:30:00+00:00,CLEVELAND CAVALIERS,DETROIT PISTONS,101,106
2017-03-10 01:00:00+00:00,LOS ANGELES CLIPPERS,MEMPHIS GRIZZLIES,114,98
2017-03-10 01:00:00+00:00,SAN ANTONIO SPURS,OKLAHOMA CITY THUNDER,92,102
2017-03-10 03:00:00+00:00,PHILADELPHIA 76ERS,PORTLAND TRAIL BLAZERS,108,114
2017-03-10 03:30:00+00:00,LOS ANGELES LAKERS,PHOENIX SUNS,122,110
2017-03-11 00:00:00+00:00,ORLANDO MAGIC,CHARLOTTE HORNETS,81,121
2017-03-11 01:00:00+00:00,TORONTO RAPTORS,ATLANTA HAWKS,99,105
2017-03-11 01:00:00+00:00,HOUSTON ROCKETS,CHICAGO BULLS,115,94
2017-03-11 01:00:00+00:00,INDIANA PACERS,MILWAUKEE BUCKS,85,99
2017-03-11 01:00:00+00:00,GOLDEN STATE WARRIORS,MINNESOTA TIMBERWOLVES,102,103
2017-03-11 02:00:00+00:00,BROOKLYN NETS,DALLAS MAVERICKS,96,105
2017-03-11 02:00:00+00:00,BOSTON CELTICS,DENVER NUGGETS,99,119
2017-03-11 03:30:00+00:00,WASHINGTON WIZARDS,SACRAMENTO KINGS,130,122
2017-03-11 20:00:00+00:00,UTAH JAZZ,OKLAHOMA CITY THUNDER,104,112
2017-03-11 20:30:00+00:00,PHILADELPHIA 76ERS,LOS ANGELES CLIPPERS,100,112
2017-03-11 22:00:00+00:00,NEW YORK KNICKS,DETROIT PISTONS,92,112
2017-03-12 00:00:00+00:00,NEW ORLEANS PELICANS,CHARLOTTE HORNETS,125,122
2017-03-12 00:00:00+00:00,CLEVELAND CAVALIERS,ORLANDO MAGIC,116,104
2017-03-12 01:00:00+00:00,TORONTO RAPTORS,MIAMI HEAT,89,104
2017-03-12 01:00:00+00:00,MINNESOTA TIMBERWOLVES,MILWAUKEE BUCKS,95,102
2017-03-12 01:30:00+00:00,GOLDEN STATE WARRIORS,SAN ANTONIO SPURS,85,107
2017-03-12 02:00:00+00:00,PHOENIX SUNS,DALLAS MAVERICKS,100,98
2017-03-12 02:00:00+00:00,ATLANTA HAWKS,MEMPHIS GRIZZLIES,107,90
2017-03-12 03:00:00+00:00,WASHINGTON WIZARDS,PORTLAND TRAIL BLAZERS,125,124
2017-03-12 03:30:00+00:00,DENVER NUGGETS,SACRAMENTO KINGS,105,92
2017-03-12 19:30:00+00:00,CHICAGO BULLS,BOSTON CELTICS,80,100
2017-03-12 22:00:00+00:00,NEW YORK KNICKS,BROOKLYN NETS,112,120
2017-03-12 22:00:00+00:00,MIAMI HEAT,INDIANA PACERS,98,102
2017-03-13 01:00:00+00:00,CLEVELAND CAVALIERS,HOUSTON ROCKETS,112,117
2017-03-13 01:00:00+00:00,PORTLAND TRAIL BLAZERS,PHOENIX SUNS,110,101
2017-03-13 01:30:00+00:00,PHILADELPHIA 76ERS,LOS ANGELES LAKERS,118,116
2017-03-13 23:00:00+00:00,CHICAGO BULLS,CHARLOTTE HORNETS,115,109
2017-03-13 23:30:00+00:00,DALLAS MAVERICKS,TORONTO RAPTORS,78,100
2017-03-14 00:00:00+00:00,MILWAUKEE BUCKS,MEMPHIS GRIZZLIES,93,113
2017-03-14 00:00:00+00:00,WASHINGTON WIZARDS,MINNESOTA TIMBERWOLVES,104,119
2017-03-14 00:00:00+00:00,ATLANTA HAWKS,SAN ANTONIO SPURS,99,107
2017-03-14 01:00:00+00:00,LOS ANGELES CLIPPERS,UTAH JAZZ,108,114
2017-03-14 02:30:00+00:00,LOS ANGELES LAKERS,DENVER NUGGETS,101,129
2017-03-14 02:30:00+00:00,ORLANDO MAGIC,SACRAMENTO KINGS,115,120
2017-03-14 23:00:00+00:00,DETROIT PISTONS,CLEVELAND CAVALIERS,96,128
2017-03-14 23:30:00+00:00,OKLAHOMA CITY THUNDER,BROOKLYN NETS,122,104
2017-03-14 23:30:00+00:00,INDIANA PACERS,NEW YORK KNICKS,81,87
2017-03-15 00:00:00+00:00,PORTLAND TRAIL BLAZERS,NEW ORLEANS PELICANS,77,100
2017-03-15 02:30:00+00:00,PHILADELPHIA 76ERS,GOLDEN STATE WARRIORS,104,106
2017-03-15 23:00:00+00:00,CHARLOTTE HORNETS,INDIANA PACERS,77,98
2017-03-15 23:00:00+00:00,DALLAS MAVERICKS,WASHINGTON WIZARDS,112,107
2017-03-15 23:30:00+00:00,MINNESOTA TIMBERWOLVES,BOSTON CELTICS,104,117
2017-03-15 23:30:00+00:00,UTAH JAZZ,DETROIT PISTONS,97,83
2017-03-15 23:30:00+00:00,NEW ORLEANS PELICANS,MIAMI HEAT,112,120
2017-03-16 00:00:00+00:00,MEMPHIS GRIZZLIES,CHICAGO BULLS,98,91
2017-03-16 00:00:00+00:00,LOS ANGELES LAKERS,HOUSTON ROCKETS,100,139
2017-03-16 00:00:00+00:00,PORTLAND TRAIL BLAZERS,SAN ANTONIO SPURS,110,106
2017-03-16 02:00:00+00:00,SACRAMENTO KINGS,PHOENIX SUNS,107,101
2017-03-16 02:30:00+00:00,MILWAUKEE BUCKS,LOS ANGELES CLIPPERS,97,96
2017-03-16 23:00:00+00:00,UTAH JAZZ,CLEVELAND CAVALIERS,83,91
2017-03-16 23:00:00+00:00,OKLAHOMA CITY THUNDER,TORONTO RAPTORS,123,102
2017-03-16 23:30:00+00:00,MEMPHIS GRIZZLIES,ATLANTA HAWKS,103,91
2017-03-16 23:30:00+00:00,BROOKLYN NETS,NEW YORK KNICKS,121,110
2017-03-17 01:00:00+00:00,LOS ANGELES CLIPPERS,DENVER NUGGETS,114,129
2017-03-17 02:30:00+00:00,ORLANDO MAGIC,GOLDEN STATE WARRIORS,92,122
2017-03-17 23:00:00+00:00,DALLAS MAVERICKS,PHILADELPHIA 76ERS,74,116
2017-03-17 23:00:00+00:00,CHICAGO BULLS,WASHINGTON WIZARDS,107,112
2017-03-17 23:30:00+00:00,BOSTON CELTICS,BROOKLYN NETS,98,95
2017-03-17 23:30:00+00:00,TORONTO RAPTORS,DETROIT PISTONS,87,75
2017-03-18 00:00:00+00:00,MINNESOTA TIMBERWOLVES,MIAMI HEAT,105,123
2017-03-18 00:00:00+00:00,HOUSTON ROCKETS,NEW ORLEANS PELICANS,112,128
2017-03-18 02:00:00+00:00,ORLANDO MAGIC,PHOENIX SUNS,109,103
2017-03-18 02:30:00+00:00,MILWAUKEE BUCKS,LOS ANGELES LAKERS,107,103
2017-03-18 19:00:00+00:00,SACRAMENTO KINGS,OKLAHOMA CITY THUNDER,94,110
2017-03-18 22:00:00+00:00,PORTLAND TRAIL BLAZERS,ATLANTA HAWKS,113,97
2017-03-18 23:00:00+00:00,WASHINGTON WIZARDS,CHARLOTTE HORNETS,93,98
2017-03-19 00:30:00+00:00,CLEVELAND CAVALIERS,LOS ANGELES CLIPPERS,78,108
2017-03-19 01:00:00+00:00,UTAH JAZZ,CHICAGO BULLS,86,95
2017-03-19 01:00:00+00:00,SAN ANTONIO SPURS,MEMPHIS GRIZZLIES,96,104
2017-03-19 01:30:00+00:00,HOUSTON ROCKETS,DENVER NUGGETS,109,105
2017-03-19 02:30:00+00:00,MILWAUKEE BUCKS,GOLDEN STATE WARRIORS,92,117
2017-03-19 16:00:00+00:00,DALLAS MAVERICKS,BROOKLYN NETS,111,104
2017-03-19 17:00:00+00:00,BOSTON CELTICS,PHILADELPHIA 76ERS,99,105
2017-03-19 20:30:00+00:00,PHOENIX SUNS,DETROIT PISTONS,95,112
2017-03-19 22:00:00+00:00,PORTLAND TRAIL BLAZERS,MIAMI HEAT,115,104
2017-03-19 22:00:00+00:00,MINNESOTA TIMBERWOLVES,NEW ORLEANS PELICANS,109,123
2017-03-19 22:00:00+00:00,INDIANA PACERS,TORONTO RAPTORS,91,116
2017-03-19 23:00:00+00:00,SACRAMENTO KINGS,SAN ANTONIO SPURS,102,118
2017-03-20 01:30:00+00:00,CLEVELAND CAVALIERS,LOS ANGELES LAKERS,125,120
2017-03-20 23:00:00+00:00,ATLANTA HAWKS,CHARLOTTE HORNETS,90,105
2017-03-20 23:00:00+00:00,UTAH JAZZ,INDIANA PACERS,100,107
2017-03-20 23:00:00+00:00,PHILADELPHIA 76ERS,ORLANDO MAGIC,109,112
2017-03-20 23:30:00+00:00,WASHINGTON WIZARDS,BOSTON CELTICS,102,110
2017-03-21 00:00:00+00:00,DENVER NUGGETS,HOUSTON ROCKETS,124,125
2017-03-21 00:00:00+00:00,GOLDEN STATE WARRIORS,OKLAHOMA CITY THUNDER,111,95
2017-03-21 02:30:00+00:00,NEW YORK KNICKS,LOS ANGELES CLIPPERS,105,114
2017-03-21 23:00:00+00:00,CHICAGO BULLS,TORONTO RAPTORS,120,122
2017-03-21 23:30:00+00:00,DETROIT PISTONS,BROOKLYN NETS,96,98
2017-03-21 23:30:00+00:00,PHOENIX SUNS,MIAMI HEAT,97,112
2017-03-22 00:00:00+00:00,MEMPHIS GRIZZLIES,NEW ORLEANS PELICANS,82,95
2017-03-22 00:30:00+00:00,GOLDEN STATE WARRIORS,DALLAS MAVERICKS,112,87
2017-03-22 01:30:00+00:00,SAN ANTONIO SPURS,MINNESOTA TIMBERWOLVES,100,93
2017-03-22 02:00:00+00:00,MILWAUKEE BUCKS,PORTLAND TRAIL BLAZERS,93,90
2017-03-22 02:30:00+00:00,LOS ANGELES CLIPPERS,LOS ANGELES LAKERS,133,109
2017-03-22 23:00:00+00:00,CHARLOTTE HORNETS,ORLANDO MAGIC,109,102
2017-03-22 23:30:00+00:00,INDIANA PACERS,BOSTON CELTICS,100,109
2017-03-23 00:00:00+00:00,DETROIT PISTONS,CHICAGO BULLS,95,117
2017-03-23 00:00:00+00:00,PHILADELPHIA 76ERS,OKLAHOMA CITY THUNDER,97,122
2017-03-23 00:00:00+00:00,ATLANTA HAWKS,WASHINGTON WIZARDS,100,104
2017-03-23 01:00:00+00:00,CLEVELAND CAVALIERS,DENVER NUGGETS,113,126
2017-03-23 02:30:00+00:00,MILWAUKEE BUCKS,SACRAMENTO KINGS,116,98
2017-03-23 02:30:00+00:00,NEW YORK KNICKS,UTAH JAZZ,101,108
2017-03-23 23:30:00+00:00,PHOENIX SUNS,BROOKLYN NETS,98,126
2017-03-23 23:30:00+00:00,TORONTO RAPTORS,MIAMI HEAT,101,84
2017-03-24 00:30:00+00:00,LOS ANGELES CLIPPERS,DALLAS MAVERICKS,95,97
2017-03-24 00:30:00+00:00,MEMPHIS GRIZZLIES,SAN ANTONIO SPURS,90,97
2017-03-24 02:00:00+00:00,NEW YORK KNICKS,PORTLAND TRAIL BLAZERS,95,110
2017-03-24 23:00:00+00:00,CLEVELAND CAVALIERS,CHARLOTTE HORNETS,112,105
2017-03-24 23:00:00+00:00,DENVER NUGGETS,INDIANA PACERS,125,117
2017-03-24 23:00:00+00:00,DETROIT PISTONS,ORLANDO MAGIC,87,115
2017-03-24 23:00:00+00:00,BROOKLYN NETS,WASHINGTON WIZARDS,108,129
2017-03-24 23:30:00+00:00,PHOENIX SUNS,BOSTON CELTICS,120,130
2017-03-25 00:00:00+00:00,PHILADELPHIA 76ERS,CHICAGO BULLS,117,107
2017-03-25 00:00:00+00:00,NEW ORLEANS PELICANS,HOUSTON ROCKETS,107,117
2017-03-25 00:00:00+00:00,ATLANTA HAWKS,MILWAUKEE BUCKS,97,100
2017-03-25 02:30:00+00:00,SACRAMENTO KINGS,GOLDEN STATE WARRIORS,100,114
2017-03-25 02:30:00+00:00,MINNESOTA TIMBERWOLVES,LOS ANGELES LAKERS,119,130
2017-03-25 19:30:00+00:00,UTAH JAZZ,LOS ANGELES CLIPPERS,95,108
2017-03-25 23:30:00+00:00,WASHINGTON WIZARDS,CLEVELAND CAVALIERS,127,115
2017-03-26 00:30:00+00:00,TORONTO RAPTORS,DALLAS MAVERICKS,94,86
2017-03-26 00:30:00+00:00,NEW YORK KNICKS,SAN ANTONIO SPURS,98,106
2017-03-26 02:00:00+00:00,MINNESOTA TIMBERWOLVES,PORTLAND TRAIL BLAZERS,100,112
2017-03-26 17:00:00+00:00,BROOKLYN NETS,ATLANTA HAWKS,107,92
2017-03-26 17:00:00+00:00,PHOENIX SUNS,CHARLOTTE HORNETS,106,120
2017-03-26 19:30:00+00:00,OKLAHOMA CITY THUNDER,HOUSTON ROCKETS,125,137
2017-03-26 19:30:00+00:00,SACRAMENTO KINGS,LOS ANGELES CLIPPERS,98,97
2017-03-26 19:30:00+00:00,CHICAGO BULLS,MILWAUKEE BUCKS,109,94
2017-03-26 22:00:00+00:00,MIAMI HEAT,BOSTON CELTICS,108,112
2017-03-26 22:00:00+00:00,PHILADELPHIA 76ERS,INDIANA PACERS,94,107
2017-03-27 00:00:00+00:00,NEW ORLEANS PELICANS,DENVER NUGGETS,115,90
2017-03-27 00:00:00+00:00,MEMPHIS GRIZZLIES,GOLDEN STATE WARRIORS,94,106
2017-03-27 01:30:00+00:00,PORTLAND TRAIL BLAZERS,LOS ANGELES LAKERS,97,81
2017-03-27 23:30:00+00:00,DETROIT PISTONS,NEW YORK KNICKS,95,109
2017-03-27 23:30:00+00:00,ORLANDO MAGIC,TORONTO RAPTORS,112,131
2017-03-28 00:00:00+00:00,CLEVELAND CAVALIERS,SAN ANTONIO SPURS,74,103
2017-03-28 00:30:00+00:00,OKLAHOMA CITY THUNDER,DALLAS MAVERICKS,92,91
2017-03-28 02:30:00+00:00,MEMPHIS GRIZZLIES,SACRAMENTO KINGS,90,91
2017-03-28 02:30:00+00:00,NEW ORLEANS PELICANS,UTAH JAZZ,100,108
2017-03-28 23:00:00+00:00,MILWAUKEE BUCKS,CHARLOTTE HORNETS,118,108
2017-03-28 23:00:00+00:00,MINNESOTA TIMBERWOLVES,INDIANA PACERS,115,114
2017-03-28 23:30:00+00:00,PHOENIX SUNS,ATLANTA HAWKS,91,95
2017-03-28 23:30:00+00:00,PHILADELPHIA 76ERS,BROOKLYN NETS,106,101
2017-03-28 23:30:00+00:00,MIAMI HEAT,DETROIT PISTONS,97,96
2017-03-29 00:00:00+00:00,GOLDEN STATE WARRIORS,HOUSTON ROCKETS,113,106
2017-03-29 02:00:00+00:00,DENVER NUGGETS,PORTLAND TRAIL BLAZERS,113,122
2017-03-29 02:30:00+00:00,WASHINGTON WIZARDS,LOS ANGELES LAKERS,119,108
2017-03-29 23:00:00+00:00,OKLAHOMA CITY THUNDER,ORLANDO MAGIC,114,106
2017-03-29 23:00:00+00:00,ATLANTA HAWKS,PHILADELPHIA 76ERS,99,92
2017-03-29 23:30:00+00:00,MILWAUKEE BUCKS,BOSTON CELTICS,103,100
2017-03-29 23:30:00+00:00,MIAMI HEAT,NEW YORK KNICKS,105,88
2017-03-29 23:30:00+00:00,CHARLOTTE HORNETS,TORONTO RAPTORS,110,106
2017-03-30 00:00:00+00:00,INDIANA PACERS,MEMPHIS GRIZZLIES,97,110
2017-03-30 00:00:00+00:00,DALLAS MAVERICKS,NEW ORLEANS PELICANS,118,121
2017-03-30 01:30:00+00:00,GOLDEN STATE WARRIORS,SAN ANTONIO SPURS,110,98
2017-03-30 02:30:00+00:00,WASHINGTON WIZARDS,LOS ANGELES CLIPPERS,124,133
2017-03-30 02:30:00+00:00,UTAH JAZZ,SACRAMENTO KINGS,112,82
2017-03-30 23:30:00+00:00,BROOKLYN NETS,DETROIT PISTONS,89,90
2017-03-31 00:00:00+00:00,CLEVELAND CAVALIERS,CHICAGO BULLS,93,99
2017-03-31 00:00:00+00:00,LOS ANGELES LAKERS,MINNESOTA TIMBERWOLVES,104,119
2017-03-31 02:00:00+00:00,LOS ANGELES CLIPPERS,PHOENIX SUNS,124,118
2017-03-31 02:30:00+00:00,HOUSTON ROCKETS,PORTLAND TRAIL BLAZERS,107,117
2017-03-31 23:00:00+00:00,DENVER NUGGETS,CHARLOTTE HORNETS,114,122
2017-03-31 23:00:00+00:00,INDIANA PACERS,TORONTO RAPTORS,100,111
2017-03-31 23:30:00+00:00,ORLANDO MAGIC,BOSTON CELTICS,116,117
2017-03-31 23:30:00+00:00,PHILADELPHIA 76ERS,CLEVELAND CAVALIERS,105,122
2017-04-01 00:00:00+00:00,DALLAS MAVERICKS,MEMPHIS GRIZZLIES,90,99
2017-04-01 00:00:00+00:00,NEW YORK KNICKS,MIAMI HEAT,98,94
2017-04-01 00:00:00+00:00,DETROIT PISTONS,MILWAUKEE BUCKS,105,108
2017-04-01 00:00:00+00:00,SACRAMENTO KINGS,NEW ORLEANS PELICANS,89,117
2017-04-01 00:00:00+00:00,SAN ANTONIO SPURS,OKLAHOMA CITY THUNDER,100,95
2017-04-01 01:00:00+00:00,WASHINGTON WIZARDS,UTAH JAZZ,88,95
2017-04-01 02:30:00+00:00,HOUSTON ROCKETS,GOLDEN STATE WARRIORS,98,107
2017-04-01 19:30:00+00:00,LOS ANGELES LAKERS,LOS ANGELES CLIPPERS,104,115
2017-04-01 21:00:00+00:00,ATLANTA HAWKS,CHICAGO BULLS,104,106
2017-04-01 22:00:00+00:00,ORLANDO MAGIC,BROOKLYN NETS,111,121
2017-04-02 00:00:00+00:00,SACRAMENTO KINGS,MINNESOTA TIMBERWOLVES,123,117
2017-04-02 02:00:00+00:00,PHOENIX SUNS,PORTLAND TRAIL BLAZERS,117,130
2017-04-02 17:00:00+00:00,BOSTON CELTICS,NEW YORK KNICKS,110,94
2017-04-02 19:00:00+00:00,CHARLOTTE HORNETS,OKLAHOMA CITY THUNDER,113,101
2017-04-02 19:30:00+00:00,MEMPHIS GRIZZLIES,LOS ANGELES LAKERS,103,108
2017-04-02 19:30:00+00:00,DALLAS MAVERICKS,MILWAUKEE BUCKS,109,105
2017-04-02 19:30:00+00:00,UTAH JAZZ,SAN ANTONIO SPURS,103,109
2017-04-02 22:00:00+00:00,ATLANTA HAWKS,BROOKLYN NETS,82,91
2017-04-02 22:00:00+00:00,INDIANA PACERS,CLEVELAND CAVALIERS,130,135
2017-04-02 22:00:00+00:00,DENVER NUGGETS,MIAMI HEAT,116,113
2017-04-02 22:00:00+00:00,CHICAGO BULLS,NEW ORLEANS PELICANS,117,110
2017-04-02 22:00:00+00:00,PHILADELPHIA 76ERS,TORONTO RAPTORS,105,113
2017-04-03 00:00:00+00:00,WASHINGTON WIZARDS,GOLDEN STATE WARRIORS,115,139
2017-04-03 01:00:00+00:00,HOUSTON ROCKETS,PHOENIX SUNS,123,116
2017-04-03 23:00:00+00:00,PORTLAND TRAIL BLAZERS,MINNESOTA TIMBERWOLVES,109,110
2017-04-04 23:00:00+00:00,ORLANDO MAGIC,CLEVELAND CAVALIERS,102,122
2017-04-04 23:00:00+00:00,TORONTO RAPTORS,INDIANA PACERS,90,108
2017-04-04 23:00:00+00:00,BROOKLYN NETS,PHILADELPHIA 76ERS,141,118
2017-04-04 23:00:00+00:00,CHARLOTTE HORNETS,WASHINGTON WIZARDS,111,118
2017-04-05 00:00:00+00:00,DENVER NUGGETS,NEW ORLEANS PELICANS,134,131
2017-04-05 00:00:00+00:00,CHICAGO BULLS,NEW YORK KNICKS,91,100
2017-04-05 00:00:00+00:00,MILWAUKEE BUCKS,OKLAHOMA CITY THUNDER,79,110
2017-04-05 00:30:00+00:00,MEMPHIS GRIZZLIES,SAN ANTONIO SPURS,89,95
2017-04-05 01:00:00+00:00,PORTLAND TRAIL BLAZERS,UTAH JAZZ,87,106
2017-04-05 02:30:00+00:00,MINNESOTA TIMBERWOLVES,GOLDEN STATE WARRIORS,107,121
2017-04-05 02:30:00+00:00,DALLAS MAVERICKS,SACRAMENTO KINGS,87,98
2017-04-05 23:00:00+00:00,MIAMI HEAT,CHARLOTTE HORNETS,112,99
2017-04-05 23:30:00+00:00,TORONTO RAPTORS,DETROIT PISTONS,105,102
2017-04-06 00:00:00+00:00,CLEVELAND CAVALIERS,BOSTON CELTICS,114,91
2017-04-06 00:00:00+00:00,DENVER NUGGETS,HOUSTON ROCKETS,104,110
2017-04-06 00:00:00+00:00,OKLAHOMA CITY THUNDER,MEMPHIS GRIZZLIES,103,100
2017-04-06 00:30:00+00:00,LOS ANGELES LAKERS,SAN ANTONIO SPURS,102,95
2017-04-06 02:00:00+00:00,GOLDEN STATE WARRIORS,PHOENIX SUNS,120,111
2017-04-06 02:30:00+00:00,DALLAS MAVERICKS,LOS ANGELES CLIPPERS,101,112
2017-04-06 23:00:00+00:00,MILWAUKEE BUCKS,INDIANA PACERS,89,104
2017-04-06 23:00:00+00:00,BROOKLYN NETS,ORLANDO MAGIC,107,115
2017-04-06 23:00:00+00:00,CHICAGO BULLS,PHILADELPHIA 76ERS,102,90
2017-04-06 23:30:00+00:00,WASHINGTON WIZARDS,NEW YORK KNICKS,106,103
2017-04-07 00:00:00+00:00,BOSTON CELTICS,ATLANTA HAWKS,116,123
2017-04-07 02:30:00+00:00,MINNESOTA TIMBERWOLVES,PORTLAND TRAIL BLAZERS,98,105
2017-04-07 23:30:00+00:00,ATLANTA HAWKS,CLEVELAND CAVALIERS,114,100
2017-04-07 23:30:00+00:00,MIAMI HEAT,TORONTO RAPTORS,94,96
2017-04-08 00:00:00+00:00,DETROIT PISTONS,HOUSTON ROCKETS,114,109
2017-04-08 00:00:00+00:00,NEW YORK KNICKS,MEMPHIS GRIZZLIES,88,101
2017-04-08 00:30:00+00:00,SAN ANTONIO SPURS,DALLAS MAVERICKS,102,89
2017-04-08 01:00:00+00:00,NEW ORLEANS PELICANS,DENVER NUGGETS,106,122
2017-04-08 01:00:00+00:00,MINNESOTA TIMBERWOLVES,UTAH JAZZ,113,120
2017-04-08 02:00:00+00:00,OKLAHOMA CITY THUNDER,PHOENIX SUNS,99,120
2017-04-08 02:30:00+00:00,SACRAMENTO KINGS,LOS ANGELES LAKERS,94,98
2017-04-08 21:00:00+00:00,CHICAGO BULLS,BROOKLYN NETS,106,107
2017-04-08 22:00:00+00:00,BOSTON CELTICS,CHARLOTTE HORNETS,121,114
2017-04-08 22:00:00+00:00,INDIANA PACERS,ORLANDO MAGIC,127,112
2017-04-08 23:00:00+00:00,MILWAUKEE BUCKS,PHILADELPHIA 76ERS,90,82
2017-04-08 23:00:00+00:00,MIAMI HEAT,WASHINGTON WIZARDS,106,103
2017-04-09 00:30:00+00:00,LOS ANGELES CLIPPERS,SAN ANTONIO SPURS,98,87
2017-04-09 02:00:00+00:00,UTAH JAZZ,PORTLAND TRAIL BLAZERS,86,101
2017-04-09 02:30:00+00:00,NEW ORLEANS PELICANS,GOLDEN STATE WARRIORS,101,123
2017-04-09 16:00:00+00:00,TORONTO RAPTORS,NEW YORK KNICKS,110,97
2017-04-09 19:30:00+00:00,CLEVELAND CAVALIERS,ATLANTA HAWKS,125,126
2017-04-09 21:00:00+00:00,OKLAHOMA CITY THUNDER,DENVER NUGGETS,106,105
2017-04-09 22:00:00+00:00,DETROIT PISTONS,MEMPHIS GRIZZLIES,103,90
2017-04-09 22:00:00+00:00,DALLAS MAVERICKS,PHOENIX SUNS,111,124
2017-04-09 22:00:00+00:00,HOUSTON ROCKETS,SACRAMENTO KINGS,135,128
2017-04-10 01:30:00+00:00,MINNESOTA TIMBERWOLVES,LOS ANGELES LAKERS,109,110
2017-04-10 23:00:00+00:00,INDIANA PACERS,PHILADELPHIA 76ERS,120,111
2017-04-10 23:30:00+00:00,BROOKLYN NETS,BOSTON CELTICS,105,114
2017-04-10 23:30:00+00:00,CLEVELAND CAVALIERS,MIAMI HEAT,121,124
2017-04-11 00:00:00+00:00,ORLANDO MAGIC,CHICAGO BULLS,75,122
2017-04-11 00:00:00+00:00,WASHINGTON WIZARDS,DETROIT PISTONS,105,101
2017-04-11 00:00:00+00:00,CHARLOTTE HORNETS,MILWAUKEE BUCKS,79,89
2017-04-11 02:00:00+00:00,SAN ANTONIO SPURS,PORTLAND TRAIL BLAZERS,98,99
2017-04-11 02:30:00+00:00,UTAH JAZZ,GOLDEN STATE WARRIORS,105,99
2017-04-11 02:30:00+00:00,HOUSTON ROCKETS,LOS ANGELES CLIPPERS,96,125
2017-04-11 23:30:00+00:00,CHARLOTTE HORNETS,ATLANTA HAWKS,76,103
2017-04-12 00:00:00+00:00,OKLAHOMA CITY THUNDER,MINNESOTA TIMBERWOLVES,100,98
2017-04-12 00:30:00+00:00,DENVER NUGGETS,DALLAS MAVERICKS,109,91
2017-04-12 02:30:00+00:00,NEW ORLEANS PELICANS,LOS ANGELES LAKERS,96,108
2017-04-12 02:30:00+00:00,PHOENIX SUNS,SACRAMENTO KINGS,104,129
2017-04-13 00:00:00+00:00,MILWAUKEE BUCKS,BOSTON CELTICS,94,112
2017-04-13 00:00:00+00:00,BROOKLYN NETS,CHICAGO BULLS,73,112
2017-04-13 00:00:00+00:00,TORONTO RAPTORS,CLEVELAND CAVALIERS,98,83
2017-04-13 00:00:00+00:00,MINNESOTA TIMBERWOLVES,HOUSTON ROCKETS,118,123
2017-04-13 00:00:00+00:00,ATLANTA HAWKS,INDIANA PACERS,86,104
2017-04-13 00:00:00+00:00,DALLAS MAVERICKS,MEMPHIS GRIZZLIES,100,93
2017-04-13 00:00:00+00:00,WASHINGTON WIZARDS,MIAMI HEAT,102,110
2017-04-13 00:00:00+00:00,PHILADELPHIA 76ERS,NEW YORK KNICKS,113,114
2017-04-13 00:00:00+00:00,DENVER NUGGETS,OKLAHOMA CITY THUNDER,111,105
2017-04-13 00:00:00+00:00,DETROIT PISTONS,ORLANDO MAGIC,109,113
2017-04-13 01:00:00+00:00,SAN ANTONIO SPURS,UTAH JAZZ,97,101
2017-04-13 02:30:00+00:00,LOS ANGELES LAKERS,GOLDEN STATE WARRIORS,94,109
2017-04-13 02:30:00+00:00,SACRAMENTO KINGS,LOS ANGELES CLIPPERS,95,115
2017-04-13 02:30:00+00:00,NEW ORLEANS PELICANS,PORTLAND TRAIL BLAZERS,103,100
2017-04-15 19:00:00+00:00,INDIANA PACERS,CLEVELAND CAVALIERS,108,109
2017-04-15 21:30:00+00:00,MILWAUKEE BUCKS,TORONTO RAPTORS,97,83
2017-04-16 00:00:00+00:00,MEMPHIS GRIZZLIES,SAN ANTONIO SPURS,82,111
2017-04-16 02:30:00+00:00,UTAH JAZZ,LOS ANGELES CLIPPERS,97,95
2017-04-16 17:00:00+00:00,ATLANTA HAWKS,WASHINGTON WIZARDS,107,114
2017-04-16 19:30:00+00:00,PORTLAND TRAIL BLAZERS,GOLDEN STATE WARRIORS,109,121
2017-04-16 22:30:00+00:00,CHICAGO BULLS,BOSTON CELTICS,106,102
2017-04-17 01:00:00+00:00,OKLAHOMA CITY THUNDER,HOUSTON ROCKETS,87,118
2017-04-17 23:00:00+00:00,INDIANA PACERS,CLEVELAND CAVALIERS,111,117
2017-04-18 01:30:00+00:00,MEMPHIS GRIZZLIES,SAN ANTONIO SPURS,82,96
2017-04-18 23:00:00+00:00,MILWAUKEE BUCKS,TORONTO RAPTORS,100,106
2017-04-19 00:00:00+00:00,CHICAGO BULLS,BOSTON CELTICS,111,97
2017-04-19 02:30:00+00:00,UTAH JAZZ,LOS ANGELES CLIPPERS,91,99
2017-04-19 23:00:00+00:00,ATLANTA HAWKS,WASHINGTON WIZARDS,101,109
2017-04-20 00:00:00+00:00,OKLAHOMA CITY THUNDER,HOUSTON ROCKETS,111,115
2017-04-20 02:30:00+00:00,PORTLAND TRAIL BLAZERS,GOLDEN STATE WARRIORS,81,110
2017-04-20 23:00:00+00:00,CLEVELAND CAVALIERS,INDIANA PACERS,119,114
2017-04-21 00:00:00+00:00,TORONTO RAPTORS,MILWAUKEE BUCKS,77,104
2017-04-21 01:30:00+00:00,SAN ANTONIO SPURS,MEMPHIS GRIZZLIES,94,105
2017-04-21 23:00:00+00:00,BOSTON CELTICS,CHICAGO BULLS,104,87
2017-04-22 01:30:00+00:00,HOUSTON ROCKETS,OKLAHOMA CITY THUNDER,113,115
2017-04-22 02:00:00+00:00,LOS ANGELES CLIPPERS,UTAH JAZZ,111,106
2017-04-22 19:00:00+00:00,TORONTO RAPTORS,MILWAUKEE BUCKS,87,76
2017-04-22 21:30:00+00:00,WASHINGTON WIZARDS,ATLANTA HAWKS,98,116
2017-04-23 00:00:00+00:00,SAN ANTONIO SPURS,MEMPHIS GRIZZLIES,108,110
2017-04-23 02:30:00+00:00,GOLDEN STATE WARRIORS,PORTLAND TRAIL BLAZERS,119,113
2017-04-23 17:00:00+00:00,CLEVELAND CAVALIERS,INDIANA PACERS,106,102
2017-04-23 19:30:00+00:00,HOUSTON ROCKETS,OKLAHOMA CITY THUNDER,113,109
2017-04-23 22:30:00+00:00,BOSTON CELTICS,CHICAGO BULLS,104,95
2017-04-24 01:00:00+00:00,LOS ANGELES CLIPPERS,UTAH JAZZ,98,105
2017-04-24 23:00:00+00:00,MILWAUKEE BUCKS,TORONTO RAPTORS,93,118
2017-04-25 00:00:00+00:00,WASHINGTON WIZARDS,ATLANTA HAWKS,101,111
2017-04-25 02:30:00+00:00,GOLDEN STATE WARRIORS,PORTLAND TRAIL BLAZERS,128,103
2017-04-26 00:00:00+00:00,OKLAHOMA CITY THUNDER,HOUSTON ROCKETS,99,105
2017-04-26 01:00:00+00:00,MEMPHIS GRIZZLIES,SAN ANTONIO SPURS,103,116
2017-04-26 02:30:00+00:00,UTAH JAZZ,LOS ANGELES CLIPPERS,96,92
2017-04-26 22:00:00+00:00,ATLANTA HAWKS,WASHINGTON WIZARDS,99,103
2017-04-27 00:30:00+00:00,CHICAGO BULLS,BOSTON CELTICS,97,108
2017-04-27 23:00:00+00:00,TORONTO RAPTORS,MILWAUKEE BUCKS,92,89
2017-04-28 01:30:00+00:00,SAN ANTONIO SPURS,MEMPHIS GRIZZLIES,103,96
2017-04-28 23:30:00+00:00,WASHINGTON WIZARDS,ATLANTA HAWKS,115,99
2017-04-29 00:00:00+00:00,BOSTON CELTICS,CHICAGO BULLS,105,83
2017-04-29 02:30:00+00:00,LOS ANGELES CLIPPERS,UTAH JAZZ,98,93
2017-04-30 17:00:00+00:00,WASHINGTON WIZARDS,BOSTON CELTICS,111,123
2017-04-30 19:30:00+00:00,UTAH JAZZ,LOS ANGELES CLIPPERS,104,91
2017-05-01 23:00:00+00:00,TORONTO RAPTORS,CLEVELAND CAVALIERS,105,116
2017-05-02 01:30:00+00:00,HOUSTON ROCKETS,SAN ANTONIO SPURS,126,99
2017-05-03 00:00:00+00:00,WASHINGTON WIZARDS,BOSTON CELTICS,119,129
2017-05-03 02:30:00+00:00,UTAH JAZZ,GOLDEN STATE WARRIORS,94,106
2017-05-03 23:00:00+00:00,TORONTO RAPTORS,CLEVELAND CAVALIERS,103,125
2017-05-04 01:30:00+00:00,HOUSTON ROCKETS,SAN ANTONIO SPURS,96,121
2017-05-05 00:00:00+00:00,BOSTON CELTICS,WASHINGTON WIZARDS,89,116
2017-05-05 02:30:00+00:00,UTAH JAZZ,GOLDEN STATE WARRIORS,104,115
2017-05-05 23:00:00+00:00,CLEVELAND CAVALIERS,TORONTO RAPTORS,115,94
2017-05-06 01:30:00+00:00,SAN ANTONIO SPURS,HOUSTON ROCKETS,103,92
2017-05-07 00:30:00+00:00,GOLDEN STATE WARRIORS,UTAH JAZZ,102,91
2017-05-07 19:30:00+00:00,CLEVELAND CAVALIERS,TORONTO RAPTORS,109,102
2017-05-07 22:30:00+00:00,BOSTON CELTICS,WASHINGTON WIZARDS,102,121
2017-05-08 01:00:00+00:00,SAN ANTONIO SPURS,HOUSTON ROCKETS,104,125
2017-05-09 01:00:00+00:00,GOLDEN STATE WARRIORS,UTAH JAZZ,121,95
2017-05-10 00:00:00+00:00,HOUSTON ROCKETS,SAN ANTONIO SPURS,107,110
2017-05-11 00:00:00+00:00,WASHINGTON WIZARDS,BOSTON CELTICS,101,123
2017-05-12 00:00:00+00:00,SAN ANTONIO SPURS,HOUSTON ROCKETS,114,75
2017-05-13 00:00:00+00:00,BOSTON CELTICS,WASHINGTON WIZARDS,91,92
2017-05-14 19:30:00+00:00,SAN ANTONIO SPURS,GOLDEN STATE WARRIORS,111,113
2017-05-16 00:00:00+00:00,WASHINGTON WIZARDS,BOSTON CELTICS,105,115
2017-05-17 01:00:00+00:00,SAN ANTONIO SPURS,GOLDEN STATE WARRIORS,100,136
2017-05-18 00:30:00+00:00,CLEVELAND CAVALIERS,BOSTON CELTICS,117,104
2017-05-20 00:30:00+00:00,CLEVELAND CAVALIERS,BOSTON CELTICS,130,86
2017-05-21 01:00:00+00:00,GOLDEN STATE WARRIORS,SAN ANTONIO SPURS,120,108
2017-05-22 00:30:00+00:00,BOSTON CELTICS,CLEVELAND CAVALIERS,111,108
2017-05-23 01:00:00+00:00,GOLDEN STATE WARRIORS,SAN ANTONIO SPURS,129,115
2017-05-24 00:30:00+00:00,BOSTON CELTICS,CLEVELAND CAVALIERS,99,112
2017-05-26 00:30:00+00:00,CLEVELAND CAVALIERS,BOSTON CELTICS,135,102
2017-06-02 01:00:00+00:00,CLEVELAND CAVALIERS,GOLDEN STATE WARRIORS,91,113
2017-06-05 00:00:00+00:00,CLEVELAND CAVALIERS,GOLDEN STATE WARRIORS,113,132
2017-06-08 01:00:00+00:00,GOLDEN STATE WARRIORS,CLEVELAND CAVALIERS,118,113
2017-06-10 01:00:00+00:00,GOLDEN STATE WARRIORS,CLEVELAND CAVALIERS,116,137
2017-06-13 01:00:00+00:00,CLEVELAND CAVALIERS,GOLDEN STATE WARRIORS,120,129
