start_time,away_team,home_team,away_team_score,home_team_score
2015-10-28 00:00:00+00:00,CLEVELAND CAVALIERS,CHICAGO BULLS,95,97
2015-10-28 00:00:00+00:00,DETROIT PISTONS,ATLANTA HAWKS,106,94
2015-10-28 02:30:00+00:00,NEW ORLEANS PELICANS,GOLDEN STATE WARRIORS,95,111
2015-10-28 23:00:00+00:00,WASHINGTON WIZARDS,ORLANDO MAGIC,88,87
2015-10-28 23:30:00+00:00,PHILADELPHIA 76ERS,BOSTON CELTICS,95,112
2015-10-28 23:30:00+00:00,CHICAGO BULLS,BROOKLYN NETS,115,100
2015-10-28 23:30:00+00:00,UTAH JAZZ,DETROIT PISTONS,87,92
2015-10-28 23:30:00+00:00,INDIANA PACERS,TORONTO RAPTORS,99,106
2015-10-28 23:30:00+00:00,CHARLOTTE HORNETS,MIAMI HEAT,94,104
2015-10-29 00:00:00+00:00,NEW YORK KNICKS,MILWAUKEE BUCKS,122,97
2015-10-29 00:00:00+00:00,SAN ANTONIO SPURS,OKLAHOMA CITY THUNDER,106,112
2015-10-29 00:00:00+00:00,CLEVELAND CAVALIERS,MEMPHIS GRIZZLIES,106,76
2015-10-29 00:00:00+00:00,DENVER NUGGETS,HOUSTON ROCKETS,105,85
2015-10-29 02:00:00+00:00,DALLAS MAVERICKS,PHOENIX SUNS,111,95
2015-10-29 02:00:00+00:00,NEW ORLEANS PELICANS,PORTLAND TRAIL BLAZERS,94,112
2015-10-29 02:00:00+00:00,LOS ANGELES CLIPPERS,SACRAMENTO KINGS,111,104
2015-10-29 02:30:00+00:00,MINNESOTA TIMBERWOLVES,LOS ANGELES LAKERS,112,111
2015-10-29 23:00:00+00:00,MEMPHIS GRIZZLIES,INDIANA PACERS,112,103
2015-10-30 00:00:00+00:00,ATLANTA HAWKS,NEW YORK KNICKS,112,101
2015-10-30 02:30:00+00:00,DALLAS MAVERICKS,LOS ANGELES CLIPPERS,88,104
2015-10-30 23:00:00+00:00,MIAMI HEAT,CLEVELAND CAVALIERS,92,102
2015-10-30 23:00:00+00:00,UTAH JAZZ,PHILADELPHIA 76ERS,99,71
2015-10-30 23:00:00+00:00,OKLAHOMA CITY THUNDER,ORLANDO MAGIC,139,136
2015-10-30 23:30:00+00:00,TORONTO RAPTORS,BOSTON CELTICS,113,103
2015-10-30 23:30:00+00:00,CHICAGO BULLS,DETROIT PISTONS,94,98
2015-10-31 00:00:00+00:00,CHARLOTTE HORNETS,ATLANTA HAWKS,94,97
2015-10-31 00:00:00+00:00,WASHINGTON WIZARDS,MILWAUKEE BUCKS,118,113
2015-10-31 00:30:00+00:00,BROOKLYN NETS,SAN ANTONIO SPURS,75,102
2015-10-31 01:00:00+00:00,MINNESOTA TIMBERWOLVES,DENVER NUGGETS,95,78
2015-10-31 01:30:00+00:00,GOLDEN STATE WARRIORS,HOUSTON ROCKETS,112,92
2015-10-31 02:00:00+00:00,LOS ANGELES LAKERS,SACRAMENTO KINGS,114,132
2015-10-31 02:30:00+00:00,PORTLAND TRAIL BLAZERS,PHOENIX SUNS,92,110
2015-10-31 23:00:00+00:00,UTAH JAZZ,INDIANA PACERS,97,76
2015-10-31 23:00:00+00:00,NEW YORK KNICKS,WASHINGTON WIZARDS,117,110
2015-10-31 23:30:00+00:00,GOLDEN STATE WARRIORS,NEW ORLEANS PELICANS,134,120
2015-11-01 00:00:00+00:00,BROOKLYN NETS,MEMPHIS GRIZZLIES,91,101
2015-11-01 02:00:00+00:00,PHOENIX SUNS,PORTLAND TRAIL BLAZERS,101,90
2015-11-01 02:30:00+00:00,SACRAMENTO KINGS,LOS ANGELES CLIPPERS,109,114
2015-11-01 19:00:00+00:00,ATLANTA HAWKS,CHARLOTTE HORNETS,94,92
2015-11-01 20:30:00+00:00,SAN ANTONIO SPURS,BOSTON CELTICS,95,87
2015-11-01 23:00:00+00:00,HOUSTON ROCKETS,MIAMI HEAT,89,109
2015-11-01 23:00:00+00:00,MILWAUKEE BUCKS,TORONTO RAPTORS,87,106
2015-11-02 00:00:00+00:00,ORLANDO MAGIC,CHICAGO BULLS,87,92
2015-11-02 00:00:00+00:00,DENVER NUGGETS,OKLAHOMA CITY THUNDER,93,117
2015-11-02 02:30:00+00:00,DALLAS MAVERICKS,LOS ANGELES LAKERS,103,93
2015-11-03 00:00:00+00:00,CLEVELAND CAVALIERS,PHILADELPHIA 76ERS,107,100
2015-11-03 00:30:00+00:00,MILWAUKEE BUCKS,BROOKLYN NETS,103,96
2015-11-03 00:30:00+00:00,SAN ANTONIO SPURS,NEW YORK KNICKS,94,84
2015-11-03 01:00:00+00:00,OKLAHOMA CITY THUNDER,HOUSTON ROCKETS,105,110
2015-11-03 01:00:00+00:00,PORTLAND TRAIL BLAZERS,MINNESOTA TIMBERWOLVES,106,101
2015-11-03 03:30:00+00:00,MEMPHIS GRIZZLIES,GOLDEN STATE WARRIORS,69,119
2015-11-03 03:30:00+00:00,PHOENIX SUNS,LOS ANGELES CLIPPERS,96,102
2015-11-04 00:00:00+00:00,CHICAGO BULLS,CHARLOTTE HORNETS,105,130
2015-11-04 00:30:00+00:00,INDIANA PACERS,DETROIT PISTONS,94,82
2015-11-04 00:30:00+00:00,ATLANTA HAWKS,MIAMI HEAT,98,92
2015-11-04 01:00:00+00:00,ORLANDO MAGIC,NEW ORLEANS PELICANS,103,94
2015-11-04 01:30:00+00:00,TORONTO RAPTORS,DALLAS MAVERICKS,102,91
2015-11-04 03:00:00+00:00,MEMPHIS GRIZZLIES,SACRAMENTO KINGS,103,89
2015-11-04 03:30:00+00:00,DENVER NUGGETS,LOS ANGELES LAKERS,120,109
2015-11-05 00:00:00+00:00,BOSTON CELTICS,INDIANA PACERS,98,100
2015-11-05 00:00:00+00:00,SAN ANTONIO SPURS,WASHINGTON WIZARDS,99,102
2015-11-05 01:00:00+00:00,BROOKLYN NETS,ATLANTA HAWKS,87,101
2015-11-05 01:00:00+00:00,NEW YORK KNICKS,CLEVELAND CAVALIERS,86,96
2015-11-05 01:00:00+00:00,ORLANDO MAGIC,HOUSTON ROCKETS,114,119
2015-11-05 01:00:00+00:00,PHILADELPHIA 76ERS,MILWAUKEE BUCKS,87,91
2015-11-05 01:00:00+00:00,TORONTO RAPTORS,OKLAHOMA CITY THUNDER,103,98
2015-11-05 02:00:00+00:00,SACRAMENTO KINGS,PHOENIX SUNS,97,118
2015-11-05 02:00:00+00:00,PORTLAND TRAIL BLAZERS,UTAH JAZZ,108,92
2015-11-05 03:30:00+00:00,LOS ANGELES CLIPPERS,GOLDEN STATE WARRIORS,108,112
2015-11-06 01:00:00+00:00,OKLAHOMA CITY THUNDER,CHICAGO BULLS,98,104
2015-11-06 01:00:00+00:00,MIAMI HEAT,MINNESOTA TIMBERWOLVES,96,84
2015-11-06 01:30:00+00:00,CHARLOTTE HORNETS,DALLAS MAVERICKS,108,94
2015-11-06 02:00:00+00:00,UTAH JAZZ,DENVER NUGGETS,96,84
2015-11-06 03:30:00+00:00,MEMPHIS GRIZZLIES,PORTLAND TRAIL BLAZERS,96,115
2015-11-07 00:00:00+00:00,TORONTO RAPTORS,ORLANDO MAGIC,87,92
2015-11-07 00:30:00+00:00,WASHINGTON WIZARDS,BOSTON CELTICS,98,118
2015-11-07 00:30:00+00:00,LOS ANGELES LAKERS,BROOKLYN NETS,104,98
2015-11-07 00:30:00+00:00,PHILADELPHIA 76ERS,CLEVELAND CAVALIERS,102,108
2015-11-07 00:30:00+00:00,MILWAUKEE BUCKS,NEW YORK KNICKS,99,92
2015-11-07 01:00:00+00:00,MIAMI HEAT,INDIANA PACERS,87,90
2015-11-07 01:00:00+00:00,ATLANTA HAWKS,NEW ORLEANS PELICANS,121,115
2015-11-07 02:30:00+00:00,DETROIT PISTONS,PHOENIX SUNS,100,92
2015-11-07 03:30:00+00:00,DENVER NUGGETS,GOLDEN STATE WARRIORS,104,119
2015-11-07 03:30:00+00:00,HOUSTON ROCKETS,SACRAMENTO KINGS,116,110
2015-11-07 23:00:00+00:00,MINNESOTA TIMBERWOLVES,CHICAGO BULLS,102,93
2015-11-08 00:00:00+00:00,ORLANDO MAGIC,PHILADELPHIA 76ERS,105,97
2015-11-08 00:30:00+00:00,WASHINGTON WIZARDS,ATLANTA HAWKS,99,114
2015-11-08 01:30:00+00:00,NEW ORLEANS PELICANS,DALLAS MAVERICKS,98,107
2015-11-08 01:30:00+00:00,BROOKLYN NETS,MILWAUKEE BUCKS,86,94
2015-11-08 01:30:00+00:00,CHARLOTTE HORNETS,SAN ANTONIO SPURS,94,114
2015-11-08 02:00:00+00:00,MEMPHIS GRIZZLIES,UTAH JAZZ,79,89
2015-11-08 03:00:00+00:00,GOLDEN STATE WARRIORS,SACRAMENTO KINGS,103,94
2015-11-08 03:30:00+00:00,HOUSTON ROCKETS,LOS ANGELES CLIPPERS,109,105
2015-11-08 20:30:00+00:00,INDIANA PACERS,CLEVELAND CAVALIERS,97,101
2015-11-08 20:30:00+00:00,LOS ANGELES LAKERS,NEW YORK KNICKS,95,99
2015-11-08 23:00:00+00:00,TORONTO RAPTORS,MIAMI HEAT,76,96
2015-11-09 00:00:00+00:00,PHOENIX SUNS,OKLAHOMA CITY THUNDER,103,124
2015-11-09 02:00:00+00:00,DETROIT PISTONS,PORTLAND TRAIL BLAZERS,120,103
2015-11-10 00:00:00+00:00,ORLANDO MAGIC,INDIANA PACERS,84,97
2015-11-10 00:00:00+00:00,CHICAGO BULLS,PHILADELPHIA 76ERS,111,88
2015-11-10 01:00:00+00:00,MINNESOTA TIMBERWOLVES,ATLANTA HAWKS,117,107
2015-11-10 02:00:00+00:00,PORTLAND TRAIL BLAZERS,DENVER NUGGETS,104,108
2015-11-10 03:00:00+00:00,SAN ANTONIO SPURS,SACRAMENTO KINGS,106,88
2015-11-10 03:30:00+00:00,DETROIT PISTONS,GOLDEN STATE WARRIORS,95,109
2015-11-10 03:30:00+00:00,MEMPHIS GRIZZLIES,LOS ANGELES CLIPPERS,92,94
2015-11-11 00:00:00+00:00,UTAH JAZZ,CLEVELAND CAVALIERS,114,118
2015-11-11 00:00:00+00:00,OKLAHOMA CITY THUNDER,WASHINGTON WIZARDS,125,101
2015-11-11 00:30:00+00:00,LOS ANGELES LAKERS,MIAMI HEAT,88,101
2015-11-11 00:30:00+00:00,NEW YORK KNICKS,TORONTO RAPTORS,111,109
2015-11-11 01:00:00+00:00,BOSTON CELTICS,MILWAUKEE BUCKS,99,83
2015-11-11 01:00:00+00:00,CHARLOTTE HORNETS,MINNESOTA TIMBERWOLVES,104,95
2015-11-11 01:00:00+00:00,DALLAS MAVERICKS,NEW ORLEANS PELICANS,105,120
2015-11-12 00:00:00+00:00,NEW YORK KNICKS,CHARLOTTE HORNETS,93,95
2015-11-12 00:00:00+00:00,LOS ANGELES LAKERS,ORLANDO MAGIC,99,101
2015-11-12 00:00:00+00:00,TORONTO RAPTORS,PHILADELPHIA 76ERS,119,103
2015-11-12 00:30:00+00:00,INDIANA PACERS,BOSTON CELTICS,102,91
2015-11-12 01:00:00+00:00,NEW ORLEANS PELICANS,ATLANTA HAWKS,98,106
2015-11-12 01:00:00+00:00,LOS ANGELES CLIPPERS,DALLAS MAVERICKS,108,118
2015-11-12 01:00:00+00:00,BROOKLYN NETS,HOUSTON ROCKETS,106,98
2015-11-12 01:00:00+00:00,GOLDEN STATE WARRIORS,MEMPHIS GRIZZLIES,100,84
2015-11-12 02:00:00+00:00,MILWAUKEE BUCKS,DENVER NUGGETS,102,103
2015-11-12 03:00:00+00:00,DETROIT PISTONS,SACRAMENTO KINGS,92,101
2015-11-12 03:30:00+00:00,SAN ANTONIO SPURS,PORTLAND TRAIL BLAZERS,113,101
2015-11-13 00:30:00+00:00,UTAH JAZZ,MIAMI HEAT,91,92
2015-11-13 01:00:00+00:00,GOLDEN STATE WARRIORS,MINNESOTA TIMBERWOLVES,129,116
2015-11-13 03:30:00+00:00,LOS ANGELES CLIPPERS,PHOENIX SUNS,104,118
2015-11-14 00:00:00+00:00,MINNESOTA TIMBERWOLVES,INDIANA PACERS,103,107
2015-11-14 00:00:00+00:00,UTAH JAZZ,ORLANDO MAGIC,93,102
2015-11-14 00:30:00+00:00,ATLANTA HAWKS,BOSTON CELTICS,93,106
2015-11-14 00:30:00+00:00,CLEVELAND CAVALIERS,NEW YORK KNICKS,90,84
2015-11-14 00:30:00+00:00,NEW ORLEANS PELICANS,TORONTO RAPTORS,81,100
2015-11-14 01:00:00+00:00,CHARLOTTE HORNETS,CHICAGO BULLS,97,102
2015-11-14 01:00:00+00:00,PORTLAND TRAIL BLAZERS,MEMPHIS GRIZZLIES,100,101
2015-11-14 01:00:00+00:00,PHILADELPHIA 76ERS,OKLAHOMA CITY THUNDER,85,102
2015-11-14 01:30:00+00:00,LOS ANGELES LAKERS,DALLAS MAVERICKS,82,90
2015-11-14 02:00:00+00:00,HOUSTON ROCKETS,DENVER NUGGETS,98,107
2015-11-14 03:00:00+00:00,BROOKLYN NETS,SACRAMENTO KINGS,109,111
2015-11-14 20:30:00+00:00,DETROIT PISTONS,LOS ANGELES CLIPPERS,96,101
2015-11-15 00:00:00+00:00,ORLANDO MAGIC,WASHINGTON WIZARDS,99,108
2015-11-15 01:00:00+00:00,DALLAS MAVERICKS,HOUSTON ROCKETS,110,98
2015-11-15 01:30:00+00:00,CLEVELAND CAVALIERS,MILWAUKEE BUCKS,105,108
2015-11-15 01:30:00+00:00,PHILADELPHIA 76ERS,SAN ANTONIO SPURS,83,92
2015-11-15 02:00:00+00:00,DENVER NUGGETS,PHOENIX SUNS,81,105
2015-11-15 03:30:00+00:00,BROOKLYN NETS,GOLDEN STATE WARRIORS,99,107
2015-11-15 17:00:00+00:00,NEW ORLEANS PELICANS,NEW YORK KNICKS,87,95
2015-11-15 20:30:00+00:00,MEMPHIS GRIZZLIES,MINNESOTA TIMBERWOLVES,114,106
2015-11-15 22:00:00+00:00,PORTLAND TRAIL BLAZERS,CHARLOTTE HORNETS,94,106
2015-11-15 23:00:00+00:00,UTAH JAZZ,ATLANTA HAWKS,97,96
2015-11-16 00:00:00+00:00,BOSTON CELTICS,OKLAHOMA CITY THUNDER,100,85
2015-11-16 02:00:00+00:00,TORONTO RAPTORS,SACRAMENTO KINGS,101,107
2015-11-16 02:30:00+00:00,DETROIT PISTONS,LOS ANGELES LAKERS,85,97
2015-11-17 00:00:00+00:00,DALLAS MAVERICKS,PHILADELPHIA 76ERS,92,86
2015-11-17 01:00:00+00:00,INDIANA PACERS,CHICAGO BULLS,95,96
2015-11-17 01:00:00+00:00,BOSTON CELTICS,HOUSTON ROCKETS,111,95
2015-11-17 01:00:00+00:00,OKLAHOMA CITY THUNDER,MEMPHIS GRIZZLIES,114,122
2015-11-17 01:30:00+00:00,PORTLAND TRAIL BLAZERS,SAN ANTONIO SPURS,80,93
2015-11-17 02:00:00+00:00,LOS ANGELES LAKERS,PHOENIX SUNS,101,120
2015-11-18 00:00:00+00:00,MILWAUKEE BUCKS,WASHINGTON WIZARDS,86,115
2015-11-18 00:30:00+00:00,ATLANTA HAWKS,BROOKLYN NETS,88,90
2015-11-18 00:30:00+00:00,CLEVELAND CAVALIERS,DETROIT PISTONS,99,104
2015-11-18 00:30:00+00:00,MINNESOTA TIMBERWOLVES,MIAMI HEAT,103,91
2015-11-18 00:30:00+00:00,CHARLOTTE HORNETS,NEW YORK KNICKS,94,102
2015-11-18 01:00:00+00:00,DENVER NUGGETS,NEW ORLEANS PELICANS,115,98
2015-11-18 03:30:00+00:00,TORONTO RAPTORS,GOLDEN STATE WARRIORS,110,115
2015-11-19 00:00:00+00:00,BROOKLYN NETS,CHARLOTTE HORNETS,111,116
2015-11-19 00:00:00+00:00,MINNESOTA TIMBERWOLVES,ORLANDO MAGIC,101,104
2015-11-19 00:00:00+00:00,INDIANA PACERS,PHILADELPHIA 76ERS,112,85
2015-11-19 00:30:00+00:00,DALLAS MAVERICKS,BOSTON CELTICS,106,102
2015-11-19 01:00:00+00:00,SACRAMENTO KINGS,ATLANTA HAWKS,97,103
2015-11-19 01:00:00+00:00,PORTLAND TRAIL BLAZERS,HOUSTON ROCKETS,103,108
2015-11-19 01:00:00+00:00,NEW ORLEANS PELICANS,OKLAHOMA CITY THUNDER,103,110
2015-11-19 01:30:00+00:00,DENVER NUGGETS,SAN ANTONIO SPURS,98,109
2015-11-19 02:00:00+00:00,TORONTO RAPTORS,UTAH JAZZ,89,93
2015-11-19 03:30:00+00:00,CHICAGO BULLS,PHOENIX SUNS,103,97
2015-11-20 00:30:00+00:00,SACRAMENTO KINGS,MIAMI HEAT,109,116
2015-11-20 01:00:00+00:00,MILWAUKEE BUCKS,CLEVELAND CAVALIERS,100,115
2015-11-20 03:30:00+00:00,GOLDEN STATE WARRIORS,LOS ANGELES CLIPPERS,124,117
2015-11-21 00:00:00+00:00,PHILADELPHIA 76ERS,CHARLOTTE HORNETS,88,113
2015-11-21 00:30:00+00:00,BROOKLYN NETS,BOSTON CELTICS,95,120
2015-11-21 01:00:00+00:00,HOUSTON ROCKETS,MEMPHIS GRIZZLIES,84,96
2015-11-21 01:00:00+00:00,DETROIT PISTONS,MINNESOTA TIMBERWOLVES,96,86
2015-11-21 01:00:00+00:00,SAN ANTONIO SPURS,NEW ORLEANS PELICANS,90,104
2015-11-21 01:00:00+00:00,NEW YORK KNICKS,OKLAHOMA CITY THUNDER,93,90
2015-11-21 01:30:00+00:00,UTAH JAZZ,DALLAS MAVERICKS,93,102
2015-11-21 02:00:00+00:00,PHOENIX SUNS,DENVER NUGGETS,114,107
2015-11-21 03:00:00+00:00,LOS ANGELES CLIPPERS,PORTLAND TRAIL BLAZERS,91,102
2015-11-21 03:30:00+00:00,CHICAGO BULLS,GOLDEN STATE WARRIORS,94,106
2015-11-21 03:30:00+00:00,TORONTO RAPTORS,LOS ANGELES LAKERS,102,91
2015-11-21 22:00:00+00:00,SACRAMENTO KINGS,ORLANDO MAGIC,97,91
2015-11-22 00:00:00+00:00,MILWAUKEE BUCKS,INDIANA PACERS,86,123
2015-11-22 00:30:00+00:00,ATLANTA HAWKS,CLEVELAND CAVALIERS,97,109
2015-11-22 00:30:00+00:00,WASHINGTON WIZARDS,DETROIT PISTONS,97,95
2015-11-22 01:00:00+00:00,NEW YORK KNICKS,HOUSTON ROCKETS,107,102
2015-11-22 01:00:00+00:00,PHILADELPHIA 76ERS,MIAMI HEAT,91,96
2015-11-22 01:30:00+00:00,MEMPHIS GRIZZLIES,SAN ANTONIO SPURS,82,92
2015-11-22 20:30:00+00:00,TORONTO RAPTORS,LOS ANGELES CLIPPERS,91,80
2015-11-22 23:00:00+00:00,BOSTON CELTICS,BROOKLYN NETS,101,111
2015-11-22 23:00:00+00:00,PHOENIX SUNS,NEW ORLEANS PELICANS,116,122
2015-11-23 00:00:00+00:00,DALLAS MAVERICKS,OKLAHOMA CITY THUNDER,114,117
2015-11-23 01:00:00+00:00,GOLDEN STATE WARRIORS,DENVER NUGGETS,118,105
2015-11-23 02:30:00+00:00,PORTLAND TRAIL BLAZERS,LOS ANGELES LAKERS,107,93
2015-11-24 00:00:00+00:00,SACRAMENTO KINGS,CHARLOTTE HORNETS,122,127
2015-11-24 00:00:00+00:00,ORLANDO MAGIC,CLEVELAND CAVALIERS,103,117
2015-11-24 00:30:00+00:00,NEW YORK KNICKS,MIAMI HEAT,78,95
2015-11-24 01:00:00+00:00,DETROIT PISTONS,MILWAUKEE BUCKS,88,109
2015-11-24 01:00:00+00:00,PHILADELPHIA 76ERS,MINNESOTA TIMBERWOLVES,95,100
2015-11-24 01:30:00+00:00,PHOENIX SUNS,SAN ANTONIO SPURS,84,98
2015-11-24 02:00:00+00:00,OKLAHOMA CITY THUNDER,UTAH JAZZ,111,89
2015-11-25 00:00:00+00:00,INDIANA PACERS,WASHINGTON WIZARDS,123,106
2015-11-25 01:00:00+00:00,BOSTON CELTICS,ATLANTA HAWKS,97,121
2015-11-25 01:00:00+00:00,DALLAS MAVERICKS,MEMPHIS GRIZZLIES,96,110
2015-11-25 02:00:00+00:00,LOS ANGELES CLIPPERS,DENVER NUGGETS,111,94
2015-11-25 03:00:00+00:00,CHICAGO BULLS,PORTLAND TRAIL BLAZERS,93,88
2015-11-25 03:30:00+00:00,LOS ANGELES LAKERS,GOLDEN STATE WARRIORS,77,111
2015-11-26 00:00:00+00:00,WASHINGTON WIZARDS,CHARLOTTE HORNETS,87,101
2015-11-26 00:00:00+00:00,NEW YORK KNICKS,ORLANDO MAGIC,91,100
2015-11-26 00:30:00+00:00,PHILADELPHIA 76ERS,BOSTON CELTICS,80,84
2015-11-26 00:30:00+00:00,MIAMI HEAT,DETROIT PISTONS,81,104
2015-11-26 00:30:00+00:00,CLEVELAND CAVALIERS,TORONTO RAPTORS,99,103
2015-11-26 01:00:00+00:00,MEMPHIS GRIZZLIES,HOUSTON ROCKETS,102,93
2015-11-26 01:00:00+00:00,SACRAMENTO KINGS,MILWAUKEE BUCKS,129,118
2015-11-26 01:00:00+00:00,ATLANTA HAWKS,MINNESOTA TIMBERWOLVES,95,99
2015-11-26 01:00:00+00:00,BROOKLYN NETS,OKLAHOMA CITY THUNDER,99,110
2015-11-26 01:30:00+00:00,DALLAS MAVERICKS,SAN ANTONIO SPURS,83,88
2015-11-26 02:00:00+00:00,NEW ORLEANS PELICANS,PHOENIX SUNS,120,114
2015-11-26 03:30:00+00:00,UTAH JAZZ,LOS ANGELES CLIPPERS,102,91
2015-11-28 00:00:00+00:00,CLEVELAND CAVALIERS,CHARLOTTE HORNETS,95,90
2015-11-28 00:00:00+00:00,MILWAUKEE BUCKS,ORLANDO MAGIC,90,114
2015-11-28 00:30:00+00:00,WASHINGTON WIZARDS,BOSTON CELTICS,78,111
2015-11-28 00:30:00+00:00,MIAMI HEAT,NEW YORK KNICKS,97,78
2015-11-28 01:00:00+00:00,PHILADELPHIA 76ERS,HOUSTON ROCKETS,114,116
2015-11-28 01:00:00+00:00,CHICAGO BULLS,INDIANA PACERS,92,104
2015-11-28 01:00:00+00:00,ATLANTA HAWKS,MEMPHIS GRIZZLIES,116,101
2015-11-28 01:00:00+00:00,DETROIT PISTONS,OKLAHOMA CITY THUNDER,87,103
2015-11-28 02:00:00+00:00,SAN ANTONIO SPURS,DENVER NUGGETS,91,80
2015-11-28 02:30:00+00:00,GOLDEN STATE WARRIORS,PHOENIX SUNS,135,116
2015-11-28 03:00:00+00:00,MINNESOTA TIMBERWOLVES,SACRAMENTO KINGS,101,91
2015-11-28 03:30:00+00:00,NEW ORLEANS PELICANS,LOS ANGELES CLIPPERS,90,111
2015-11-29 00:00:00+00:00,TORONTO RAPTORS,WASHINGTON WIZARDS,84,82
2015-11-29 00:30:00+00:00,BROOKLYN NETS,CLEVELAND CAVALIERS,88,90
2015-11-29 01:30:00+00:00,DENVER NUGGETS,DALLAS MAVERICKS,81,92
2015-11-29 01:30:00+00:00,ATLANTA HAWKS,SAN ANTONIO SPURS,88,108
2015-11-29 02:00:00+00:00,NEW ORLEANS PELICANS,UTAH JAZZ,87,101
2015-11-29 03:00:00+00:00,LOS ANGELES LAKERS,PORTLAND TRAIL BLAZERS,96,108
2015-11-29 03:30:00+00:00,SACRAMENTO KINGS,GOLDEN STATE WARRIORS,101,120
2015-11-29 19:00:00+00:00,MILWAUKEE BUCKS,CHARLOTTE HORNETS,82,87
2015-11-29 20:30:00+00:00,MINNESOTA TIMBERWOLVES,LOS ANGELES CLIPPERS,99,107
2015-11-29 23:00:00+00:00,DETROIT PISTONS,BROOKLYN NETS,83,87
2015-11-29 23:00:00+00:00,PHILADELPHIA 76ERS,MEMPHIS GRIZZLIES,84,92
2015-11-29 23:00:00+00:00,BOSTON CELTICS,ORLANDO MAGIC,91,110
2015-11-29 23:00:00+00:00,PHOENIX SUNS,TORONTO RAPTORS,107,102
2015-11-30 00:30:00+00:00,HOUSTON ROCKETS,NEW YORK KNICKS,116,111
2015-11-30 02:30:00+00:00,INDIANA PACERS,LOS ANGELES LAKERS,107,103
2015-12-01 00:30:00+00:00,HOUSTON ROCKETS,DETROIT PISTONS,105,116
2015-12-01 00:30:00+00:00,BOSTON CELTICS,MIAMI HEAT,105,95
2015-12-01 01:00:00+00:00,OKLAHOMA CITY THUNDER,ATLANTA HAWKS,100,106
2015-12-01 01:00:00+00:00,SAN ANTONIO SPURS,CHICAGO BULLS,89,92
2015-12-01 01:00:00+00:00,DENVER NUGGETS,MILWAUKEE BUCKS,74,92
2015-12-01 02:00:00+00:00,GOLDEN STATE WARRIORS,UTAH JAZZ,106,103
2015-12-01 03:00:00+00:00,DALLAS MAVERICKS,SACRAMENTO KINGS,98,112
2015-12-01 03:30:00+00:00,PORTLAND TRAIL BLAZERS,LOS ANGELES CLIPPERS,87,102
2015-12-02 00:00:00+00:00,WASHINGTON WIZARDS,CLEVELAND CAVALIERS,97,85
2015-12-02 00:00:00+00:00,LOS ANGELES LAKERS,PHILADELPHIA 76ERS,91,103
2015-12-02 00:30:00+00:00,PHOENIX SUNS,BROOKLYN NETS,91,94
2015-12-02 01:00:00+00:00,ORLANDO MAGIC,MINNESOTA TIMBERWOLVES,96,93
2015-12-02 01:00:00+00:00,MEMPHIS GRIZZLIES,NEW ORLEANS PELICANS,113,104
2015-12-02 03:00:00+00:00,DALLAS MAVERICKS,PORTLAND TRAIL BLAZERS,115,112
2015-12-03 00:00:00+00:00,GOLDEN STATE WARRIORS,CHARLOTTE HORNETS,116,99
2015-12-03 00:00:00+00:00,LOS ANGELES LAKERS,WASHINGTON WIZARDS,108,104
2015-12-03 00:30:00+00:00,PHOENIX SUNS,DETROIT PISTONS,122,127
2015-12-03 00:30:00+00:00,PHILADELPHIA 76ERS,NEW YORK KNICKS,87,99
2015-12-03 01:00:00+00:00,TORONTO RAPTORS,ATLANTA HAWKS,96,86
2015-12-03 01:00:00+00:00,DENVER NUGGETS,CHICAGO BULLS,90,99
2015-12-03 01:00:00+00:00,NEW ORLEANS PELICANS,HOUSTON ROCKETS,101,108
2015-12-03 01:30:00+00:00,MILWAUKEE BUCKS,SAN ANTONIO SPURS,70,95
2015-12-03 03:30:00+00:00,INDIANA PACERS,LOS ANGELES CLIPPERS,103,91
2015-12-04 00:00:00+00:00,OKLAHOMA CITY THUNDER,MIAMI HEAT,95,97
2015-12-04 00:30:00+00:00,DENVER NUGGETS,TORONTO RAPTORS,106,105
2015-12-04 02:00:00+00:00,ORLANDO MAGIC,UTAH JAZZ,103,94
2015-12-04 02:30:00+00:00,SAN ANTONIO SPURS,MEMPHIS GRIZZLIES,103,83
2015-12-04 03:00:00+00:00,INDIANA PACERS,PORTLAND TRAIL BLAZERS,111,123
2015-12-04 03:00:00+00:00,BOSTON CELTICS,SACRAMENTO KINGS,114,97
2015-12-05 00:00:00+00:00,BROOKLYN NETS,NEW YORK KNICKS,91,108
2015-12-05 00:00:00+00:00,PHOENIX SUNS,WASHINGTON WIZARDS,106,109
2015-12-05 00:30:00+00:00,MILWAUKEE BUCKS,DETROIT PISTONS,95,102
2015-12-05 01:00:00+00:00,LOS ANGELES LAKERS,ATLANTA HAWKS,87,100
2015-12-05 01:30:00+00:00,HOUSTON ROCKETS,DALLAS MAVERICKS,100,96
2015-12-05 02:30:00+00:00,CLEVELAND CAVALIERS,NEW ORLEANS PELICANS,108,114
2015-12-05 18:00:00+00:00,DENVER NUGGETS,PHILADELPHIA 76ERS,108,105
2015-12-05 22:00:00+00:00,GOLDEN STATE WARRIORS,TORONTO RAPTORS,112,109
2015-12-06 01:00:00+00:00,CHARLOTTE HORNETS,CHICAGO BULLS,102,96
2015-12-06 01:00:00+00:00,SACRAMENTO KINGS,HOUSTON ROCKETS,113,120
2015-12-06 01:00:00+00:00,CLEVELAND CAVALIERS,MIAMI HEAT,84,99
2015-12-06 01:00:00+00:00,PORTLAND TRAIL BLAZERS,MINNESOTA TIMBERWOLVES,109,103
2015-12-06 01:30:00+00:00,NEW YORK KNICKS,MILWAUKEE BUCKS,91,106
2015-12-06 01:30:00+00:00,BOSTON CELTICS,SAN ANTONIO SPURS,105,108
2015-12-06 02:00:00+00:00,INDIANA PACERS,UTAH JAZZ,119,122
2015-12-06 03:30:00+00:00,ORLANDO MAGIC,LOS ANGELES CLIPPERS,101,103
2015-12-06 20:30:00+00:00,PHOENIX SUNS,MEMPHIS GRIZZLIES,93,95
2015-12-06 23:00:00+00:00,GOLDEN STATE WARRIORS,BROOKLYN NETS,114,98
2015-12-06 23:00:00+00:00,LOS ANGELES LAKERS,DETROIT PISTONS,91,111
2015-12-06 23:00:00+00:00,DALLAS MAVERICKS,WASHINGTON WIZARDS,116,104
2015-12-07 00:00:00+00:00,SACRAMENTO KINGS,OKLAHOMA CITY THUNDER,95,98
2015-12-08 00:00:00+00:00,DETROIT PISTONS,CHARLOTTE HORNETS,84,104
2015-12-08 00:00:00+00:00,SAN ANTONIO SPURS,PHILADELPHIA 76ERS,119,68
2015-12-08 00:30:00+00:00,WASHINGTON WIZARDS,MIAMI HEAT,114,103
2015-12-08 00:30:00+00:00,DALLAS MAVERICKS,NEW YORK KNICKS,104,97
2015-12-08 00:30:00+00:00,LOS ANGELES LAKERS,TORONTO RAPTORS,93,102
2015-12-08 01:00:00+00:00,PHOENIX SUNS,CHICAGO BULLS,103,101
2015-12-08 01:00:00+00:00,PORTLAND TRAIL BLAZERS,MILWAUKEE BUCKS,88,90
2015-12-08 01:00:00+00:00,LOS ANGELES CLIPPERS,MINNESOTA TIMBERWOLVES,110,106
2015-12-08 01:00:00+00:00,BOSTON CELTICS,NEW ORLEANS PELICANS,111,93
2015-12-09 00:00:00+00:00,PORTLAND TRAIL BLAZERS,CLEVELAND CAVALIERS,100,105
2015-12-09 00:00:00+00:00,GOLDEN STATE WARRIORS,INDIANA PACERS,131,123
2015-12-09 00:30:00+00:00,HOUSTON ROCKETS,BROOKLYN NETS,105,110
2015-12-09 01:00:00+00:00,OKLAHOMA CITY THUNDER,MEMPHIS GRIZZLIES,125,88
2015-12-09 02:00:00+00:00,ORLANDO MAGIC,DENVER NUGGETS,85,74
2015-12-09 03:00:00+00:00,UTAH JAZZ,SACRAMENTO KINGS,106,114
2015-12-10 00:00:00+00:00,CHICAGO BULLS,BOSTON CELTICS,100,105
2015-12-10 00:00:00+00:00,MIAMI HEAT,CHARLOTTE HORNETS,81,99
2015-12-10 00:00:00+00:00,HOUSTON ROCKETS,WASHINGTON WIZARDS,109,103
2015-12-10 00:30:00+00:00,MEMPHIS GRIZZLIES,DETROIT PISTONS,93,92
2015-12-10 00:30:00+00:00,SAN ANTONIO SPURS,TORONTO RAPTORS,94,97
2015-12-10 01:00:00+00:00,LOS ANGELES CLIPPERS,MILWAUKEE BUCKS,109,95
2015-12-10 01:00:00+00:00,LOS ANGELES LAKERS,MINNESOTA TIMBERWOLVES,122,123
2015-12-10 02:00:00+00:00,ORLANDO MAGIC,PHOENIX SUNS,104,107
2015-12-10 02:00:00+00:00,NEW YORK KNICKS,UTAH JAZZ,85,106
2015-12-10 02:30:00+00:00,ATLANTA HAWKS,DALLAS MAVERICKS,98,95
2015-12-11 00:30:00+00:00,PHILADELPHIA 76ERS,BROOKLYN NETS,91,100
2015-12-11 01:00:00+00:00,LOS ANGELES CLIPPERS,CHICAGO BULLS,80,83
2015-12-11 01:00:00+00:00,ATLANTA HAWKS,OKLAHOMA CITY THUNDER,94,107
2015-12-11 03:30:00+00:00,NEW YORK KNICKS,SACRAMENTO KINGS,97,99
2015-12-12 00:00:00+00:00,MIAMI HEAT,INDIANA PACERS,83,96
2015-12-12 00:00:00+00:00,CLEVELAND CAVALIERS,ORLANDO MAGIC,111,76
2015-12-12 00:00:00+00:00,DETROIT PISTONS,PHILADELPHIA 76ERS,107,95
2015-12-12 00:30:00+00:00,GOLDEN STATE WARRIORS,BOSTON CELTICS,124,119
2015-12-12 00:30:00+00:00,MILWAUKEE BUCKS,TORONTO RAPTORS,83,90
2015-12-12 01:00:00+00:00,CHARLOTTE HORNETS,MEMPHIS GRIZZLIES,123,99
2015-12-12 01:00:00+00:00,WASHINGTON WIZARDS,NEW ORLEANS PELICANS,105,107
2015-12-12 02:00:00+00:00,MINNESOTA TIMBERWOLVES,DENVER NUGGETS,108,111
2015-12-12 02:00:00+00:00,OKLAHOMA CITY THUNDER,UTAH JAZZ,94,90
2015-12-12 02:30:00+00:00,PORTLAND TRAIL BLAZERS,PHOENIX SUNS,106,96
2015-12-12 02:30:00+00:00,LOS ANGELES LAKERS,SAN ANTONIO SPURS,87,109
2015-12-12 22:00:00+00:00,LOS ANGELES CLIPPERS,BROOKLYN NETS,105,100
2015-12-13 00:00:00+00:00,BOSTON CELTICS,CHARLOTTE HORNETS,98,93
2015-12-13 00:30:00+00:00,INDIANA PACERS,DETROIT PISTONS,96,118
2015-12-13 01:00:00+00:00,SAN ANTONIO SPURS,ATLANTA HAWKS,103,78
2015-12-13 01:00:00+00:00,NEW ORLEANS PELICANS,CHICAGO BULLS,94,98
2015-12-13 01:00:00+00:00,LOS ANGELES LAKERS,HOUSTON ROCKETS,97,126
2015-12-13 01:30:00+00:00,WASHINGTON WIZARDS,DALLAS MAVERICKS,114,111
2015-12-13 01:30:00+00:00,GOLDEN STATE WARRIORS,MILWAUKEE BUCKS,95,108
2015-12-13 03:00:00+00:00,NEW YORK KNICKS,PORTLAND TRAIL BLAZERS,112,110
2015-12-13 20:30:00+00:00,MINNESOTA TIMBERWOLVES,PHOENIX SUNS,101,108
2015-12-13 23:00:00+00:00,MEMPHIS GRIZZLIES,MIAMI HEAT,97,100
2015-12-13 23:00:00+00:00,PHILADELPHIA 76ERS,TORONTO RAPTORS,76,96
2015-12-14 00:00:00+00:00,UTAH JAZZ,OKLAHOMA CITY THUNDER,98,104
2015-12-15 00:00:00+00:00,TORONTO RAPTORS,INDIANA PACERS,90,106
2015-12-15 00:30:00+00:00,ORLANDO MAGIC,BROOKLYN NETS,105,82
2015-12-15 00:30:00+00:00,LOS ANGELES CLIPPERS,DETROIT PISTONS,105,103
2015-12-15 01:00:00+00:00,MIAMI HEAT,ATLANTA HAWKS,100,88
2015-12-15 01:00:00+00:00,PHILADELPHIA 76ERS,CHICAGO BULLS,96,115
2015-12-15 01:00:00+00:00,WASHINGTON WIZARDS,MEMPHIS GRIZZLIES,95,112
2015-12-15 01:30:00+00:00,PHOENIX SUNS,DALLAS MAVERICKS,94,104
2015-12-15 01:30:00+00:00,UTAH JAZZ,SAN ANTONIO SPURS,81,118
2015-12-15 02:00:00+00:00,HOUSTON ROCKETS,DENVER NUGGETS,108,114
2015-12-15 03:00:00+00:00,NEW ORLEANS PELICANS,PORTLAND TRAIL BLAZERS,101,105
2015-12-16 00:30:00+00:00,CLEVELAND CAVALIERS,BOSTON CELTICS,89,77
2015-12-16 01:00:00+00:00,DENVER NUGGETS,MINNESOTA TIMBERWOLVES,112,100
2015-12-16 03:00:00+00:00,HOUSTON ROCKETS,SACRAMENTO KINGS,97,107
2015-12-16 03:30:00+00:00,MILWAUKEE BUCKS,LOS ANGELES LAKERS,95,113
2015-12-17 00:00:00+00:00,DALLAS MAVERICKS,INDIANA PACERS,81,107
2015-12-17 00:00:00+00:00,CHARLOTTE HORNETS,ORLANDO MAGIC,98,113
2015-12-17 00:30:00+00:00,MIAMI HEAT,BROOKLYN NETS,104,98
2015-12-17 00:30:00+00:00,BOSTON CELTICS,DETROIT PISTONS,116,119
2015-12-17 00:30:00+00:00,MINNESOTA TIMBERWOLVES,NEW YORK KNICKS,102,107
2015-12-17 01:00:00+00:00,PHILADELPHIA 76ERS,ATLANTA HAWKS,106,127
2015-12-17 01:00:00+00:00,MEMPHIS GRIZZLIES,CHICAGO BULLS,85,98
2015-12-17 01:00:00+00:00,PORTLAND TRAIL BLAZERS,OKLAHOMA CITY THUNDER,90,106
2015-12-17 01:30:00+00:00,WASHINGTON WIZARDS,SAN ANTONIO SPURS,95,114
2015-12-17 02:00:00+00:00,NEW ORLEANS PELICANS,UTAH JAZZ,104,94
2015-12-17 03:30:00+00:00,PHOENIX SUNS,GOLDEN STATE WARRIORS,103,128
2015-12-17 03:30:00+00:00,MILWAUKEE BUCKS,LOS ANGELES CLIPPERS,90,103
2015-12-18 00:00:00+00:00,TORONTO RAPTORS,CHARLOTTE HORNETS,99,109
2015-12-18 01:00:00+00:00,OKLAHOMA CITY THUNDER,CLEVELAND CAVALIERS,100,104
2015-12-18 03:30:00+00:00,HOUSTON ROCKETS,LOS ANGELES LAKERS,107,87
2015-12-19 00:00:00+00:00,BROOKLYN NETS,INDIANA PACERS,97,104
2015-12-19 00:00:00+00:00,PORTLAND TRAIL BLAZERS,ORLANDO MAGIC,94,102
2015-12-19 00:00:00+00:00,NEW YORK KNICKS,PHILADELPHIA 76ERS,107,97
2015-12-19 00:30:00+00:00,ATLANTA HAWKS,BOSTON CELTICS,109,101
2015-12-19 01:00:00+00:00,DETROIT PISTONS,CHICAGO BULLS,147,144
2015-12-19 01:00:00+00:00,TORONTO RAPTORS,MIAMI HEAT,108,94
2015-12-19 01:00:00+00:00,SACRAMENTO KINGS,MINNESOTA TIMBERWOLVES,95,99
2015-12-19 01:00:00+00:00,LOS ANGELES CLIPPERS,SAN ANTONIO SPURS,107,115
2015-12-19 01:30:00+00:00,MEMPHIS GRIZZLIES,DALLAS MAVERICKS,88,97
2015-12-19 02:00:00+00:00,DENVER NUGGETS,UTAH JAZZ,88,97
2015-12-19 03:30:00+00:00,MILWAUKEE BUCKS,GOLDEN STATE WARRIORS,112,121
2015-12-19 03:30:00+00:00,NEW ORLEANS PELICANS,PHOENIX SUNS,88,104
2015-12-19 22:00:00+00:00,LOS ANGELES LAKERS,OKLAHOMA CITY THUNDER,78,118
2015-12-20 00:00:00+00:00,CHARLOTTE HORNETS,WASHINGTON WIZARDS,101,109
2015-12-20 00:30:00+00:00,CHICAGO BULLS,NEW YORK KNICKS,91,107
2015-12-20 01:00:00+00:00,LOS ANGELES CLIPPERS,HOUSTON ROCKETS,97,107
2015-12-20 01:00:00+00:00,INDIANA PACERS,MEMPHIS GRIZZLIES,84,96
2015-12-20 18:00:00+00:00,MINNESOTA TIMBERWOLVES,BROOKLYN NETS,100,85
2015-12-20 18:00:00+00:00,PORTLAND TRAIL BLAZERS,MIAMI HEAT,109,116
2015-12-20 20:30:00+00:00,PHILADELPHIA 76ERS,CLEVELAND CAVALIERS,86,108
2015-12-20 22:00:00+00:00,MILWAUKEE BUCKS,PHOENIX SUNS,101,95
2015-12-20 23:00:00+00:00,ATLANTA HAWKS,ORLANDO MAGIC,103,100
2015-12-20 23:00:00+00:00,SACRAMENTO KINGS,TORONTO RAPTORS,104,94
2015-12-21 01:00:00+00:00,NEW ORLEANS PELICANS,DENVER NUGGETS,130,125
2015-12-22 00:00:00+00:00,SACRAMENTO KINGS,WASHINGTON WIZARDS,99,113
2015-12-22 00:30:00+00:00,MINNESOTA TIMBERWOLVES,BOSTON CELTICS,99,113
2015-12-22 00:30:00+00:00,ORLANDO MAGIC,NEW YORK KNICKS,107,99
2015-12-22 01:00:00+00:00,PORTLAND TRAIL BLAZERS,ATLANTA HAWKS,97,106
2015-12-22 01:00:00+00:00,BROOKLYN NETS,CHICAGO BULLS,105,102
2015-12-22 01:00:00+00:00,CHARLOTTE HORNETS,HOUSTON ROCKETS,95,102
2015-12-22 01:30:00+00:00,INDIANA PACERS,SAN ANTONIO SPURS,92,106
2015-12-22 02:00:00+00:00,PHOENIX SUNS,UTAH JAZZ,89,110
2015-12-22 03:30:00+00:00,OKLAHOMA CITY THUNDER,LOS ANGELES CLIPPERS,100,99
2015-12-23 00:00:00+00:00,MEMPHIS GRIZZLIES,PHILADELPHIA 76ERS,104,90
2015-12-23 00:30:00+00:00,DETROIT PISTONS,MIAMI HEAT,93,92
2015-12-23 00:30:00+00:00,DALLAS MAVERICKS,TORONTO RAPTORS,99,103
2015-12-23 02:00:00+00:00,LOS ANGELES LAKERS,DENVER NUGGETS,111,107
2015-12-24 00:00:00+00:00,BOSTON CELTICS,CHARLOTTE HORNETS,102,89
2015-12-24 00:00:00+00:00,NEW YORK KNICKS,CLEVELAND CAVALIERS,84,91
2015-12-24 00:00:00+00:00,SACRAMENTO KINGS,INDIANA PACERS,108,106
2015-12-24 00:00:00+00:00,HOUSTON ROCKETS,ORLANDO MAGIC,101,104
2015-12-24 00:00:00+00:00,MEMPHIS GRIZZLIES,WASHINGTON WIZARDS,91,100
2015-12-24 00:30:00+00:00,DALLAS MAVERICKS,BROOKLYN NETS,119,118
2015-12-24 01:00:00+00:00,DETROIT PISTONS,ATLANTA HAWKS,100,107
2015-12-24 01:00:00+00:00,PHILADELPHIA 76ERS,MILWAUKEE BUCKS,100,113
2015-12-24 01:00:00+00:00,SAN ANTONIO SPURS,MINNESOTA TIMBERWOLVES,108,83
2015-12-24 01:00:00+00:00,PORTLAND TRAIL BLAZERS,NEW ORLEANS PELICANS,89,115
2015-12-24 02:00:00+00:00,DENVER NUGGETS,PHOENIX SUNS,104,96
2015-12-24 03:30:00+00:00,UTAH JAZZ,GOLDEN STATE WARRIORS,85,103
2015-12-24 03:30:00+00:00,OKLAHOMA CITY THUNDER,LOS ANGELES LAKERS,120,85
2015-12-25 17:00:00+00:00,NEW ORLEANS PELICANS,MIAMI HEAT,88,94
2015-12-25 19:30:00+00:00,CHICAGO BULLS,OKLAHOMA CITY THUNDER,105,96
2015-12-25 22:00:00+00:00,CLEVELAND CAVALIERS,GOLDEN STATE WARRIORS,83,89
2015-12-26 01:00:00+00:00,SAN ANTONIO SPURS,HOUSTON ROCKETS,84,88
2015-12-26 03:30:00+00:00,LOS ANGELES CLIPPERS,LOS ANGELES LAKERS,94,84
2015-12-26 21:00:00+00:00,WASHINGTON WIZARDS,BROOKLYN NETS,111,96
2015-12-26 22:00:00+00:00,TORONTO RAPTORS,MILWAUKEE BUCKS,111,90
2015-12-27 00:00:00+00:00,MEMPHIS GRIZZLIES,CHARLOTTE HORNETS,92,98
2015-12-27 00:00:00+00:00,HOUSTON ROCKETS,NEW ORLEANS PELICANS,108,110
2015-12-27 00:00:00+00:00,MIAMI HEAT,ORLANDO MAGIC,108,101
2015-12-27 00:30:00+00:00,NEW YORK KNICKS,ATLANTA HAWKS,98,117
2015-12-27 00:30:00+00:00,BOSTON CELTICS,DETROIT PISTONS,99,93
2015-12-27 01:00:00+00:00,INDIANA PACERS,MINNESOTA TIMBERWOLVES,102,88
2015-12-27 01:30:00+00:00,CHICAGO BULLS,DALLAS MAVERICKS,111,118
2015-12-27 01:30:00+00:00,DENVER NUGGETS,SAN ANTONIO SPURS,86,101
2015-12-27 02:00:00+00:00,PHILADELPHIA 76ERS,PHOENIX SUNS,111,104
2015-12-27 02:00:00+00:00,LOS ANGELES CLIPPERS,UTAH JAZZ,109,104
2015-12-27 03:00:00+00:00,CLEVELAND CAVALIERS,PORTLAND TRAIL BLAZERS,76,105
2015-12-27 23:00:00+00:00,LOS ANGELES LAKERS,MEMPHIS GRIZZLIES,96,112
2015-12-28 00:00:00+00:00,NEW YORK KNICKS,BOSTON CELTICS,91,100
2015-12-28 00:00:00+00:00,DENVER NUGGETS,OKLAHOMA CITY THUNDER,112,122
2015-12-28 02:00:00+00:00,PORTLAND TRAIL BLAZERS,SACRAMENTO KINGS,98,94
2015-12-29 00:00:00+00:00,LOS ANGELES LAKERS,CHARLOTTE HORNETS,98,108
2015-12-29 00:00:00+00:00,ATLANTA HAWKS,INDIANA PACERS,87,93
2015-12-29 00:00:00+00:00,NEW ORLEANS PELICANS,ORLANDO MAGIC,89,104
2015-12-29 00:00:00+00:00,LOS ANGELES CLIPPERS,WASHINGTON WIZARDS,108,91
2015-12-29 00:30:00+00:00,BROOKLYN NETS,MIAMI HEAT,111,105
2015-12-29 01:00:00+00:00,TORONTO RAPTORS,CHICAGO BULLS,97,104
2015-12-29 01:30:00+00:00,MILWAUKEE BUCKS,DALLAS MAVERICKS,93,103
2015-12-29 01:30:00+00:00,MINNESOTA TIMBERWOLVES,SAN ANTONIO SPURS,95,101
2015-12-29 02:00:00+00:00,CLEVELAND CAVALIERS,PHOENIX SUNS,101,97
2015-12-29 02:00:00+00:00,PHILADELPHIA 76ERS,UTAH JAZZ,91,95
2015-12-29 03:30:00+00:00,SACRAMENTO KINGS,GOLDEN STATE WARRIORS,103,122
2015-12-30 00:30:00+00:00,DETROIT PISTONS,NEW YORK KNICKS,96,108
2015-12-30 01:00:00+00:00,ATLANTA HAWKS,HOUSTON ROCKETS,121,115
2015-12-30 01:00:00+00:00,MIAMI HEAT,MEMPHIS GRIZZLIES,90,99
2015-12-30 01:00:00+00:00,MILWAUKEE BUCKS,OKLAHOMA CITY THUNDER,123,131
2015-12-30 02:00:00+00:00,CLEVELAND CAVALIERS,DENVER NUGGETS,93,87
2015-12-31 00:00:00+00:00,LOS ANGELES CLIPPERS,CHARLOTTE HORNETS,122,117
2015-12-31 00:00:00+00:00,BROOKLYN NETS,ORLANDO MAGIC,93,100
2015-12-31 00:30:00+00:00,LOS ANGELES LAKERS,BOSTON CELTICS,112,104
2015-12-31 00:30:00+00:00,WASHINGTON WIZARDS,TORONTO RAPTORS,91,94
2015-12-31 01:00:00+00:00,INDIANA PACERS,CHICAGO BULLS,100,102
2015-12-31 01:00:00+00:00,UTAH JAZZ,MINNESOTA TIMBERWOLVES,80,94
2015-12-31 01:30:00+00:00,GOLDEN STATE WARRIORS,DALLAS MAVERICKS,91,114
2015-12-31 01:30:00+00:00,PHOENIX SUNS,SAN ANTONIO SPURS,79,112
2015-12-31 03:00:00+00:00,DENVER NUGGETS,PORTLAND TRAIL BLAZERS,103,110
2015-12-31 03:00:00+00:00,PHILADELPHIA 76ERS,SACRAMENTO KINGS,110,105
2015-12-31 23:00:00+00:00,MINNESOTA TIMBERWOLVES,DETROIT PISTONS,90,115
2015-12-31 23:00:00+00:00,MILWAUKEE BUCKS,INDIANA PACERS,120,116
2016-01-01 00:00:00+00:00,GOLDEN STATE WARRIORS,HOUSTON ROCKETS,114,110
2016-01-01 01:00:00+00:00,LOS ANGELES CLIPPERS,NEW ORLEANS PELICANS,95,89
2016-01-01 01:00:00+00:00,PHOENIX SUNS,OKLAHOMA CITY THUNDER,106,110
2016-01-01 02:00:00+00:00,PORTLAND TRAIL BLAZERS,UTAH JAZZ,96,109
2016-01-02 00:00:00+00:00,ORLANDO MAGIC,WASHINGTON WIZARDS,91,103
2016-01-02 00:30:00+00:00,DALLAS MAVERICKS,MIAMI HEAT,82,106
2016-01-02 00:30:00+00:00,CHARLOTTE HORNETS,TORONTO RAPTORS,94,104
2016-01-02 01:00:00+00:00,NEW YORK KNICKS,CHICAGO BULLS,81,108
2016-01-02 03:30:00+00:00,PHILADELPHIA 76ERS,LOS ANGELES LAKERS,84,93
2016-01-02 20:00:00+00:00,BROOKLYN NETS,BOSTON CELTICS,100,97
2016-01-02 22:00:00+00:00,PHOENIX SUNS,SACRAMENTO KINGS,119,142
2016-01-03 00:00:00+00:00,OKLAHOMA CITY THUNDER,CHARLOTTE HORNETS,109,90
2016-01-03 00:00:00+00:00,DETROIT PISTONS,INDIANA PACERS,82,94
2016-01-03 00:30:00+00:00,ORLANDO MAGIC,CLEVELAND CAVALIERS,79,104
2016-01-03 01:00:00+00:00,MILWAUKEE BUCKS,MINNESOTA TIMBERWOLVES,95,85
2016-01-03 01:30:00+00:00,NEW ORLEANS PELICANS,DALLAS MAVERICKS,105,98
2016-01-03 01:30:00+00:00,HOUSTON ROCKETS,SAN ANTONIO SPURS,103,121
2016-01-03 02:00:00+00:00,MEMPHIS GRIZZLIES,UTAH JAZZ,87,92
2016-01-03 03:30:00+00:00,DENVER NUGGETS,GOLDEN STATE WARRIORS,108,111
2016-01-03 03:30:00+00:00,PHILADELPHIA 76ERS,LOS ANGELES CLIPPERS,99,130
2016-01-03 20:30:00+00:00,ATLANTA HAWKS,NEW YORK KNICKS,97,111
2016-01-03 20:30:00+00:00,CHICAGO BULLS,TORONTO RAPTORS,115,113
2016-01-03 23:00:00+00:00,MIAMI HEAT,WASHINGTON WIZARDS,97,75
2016-01-04 02:00:00+00:00,PORTLAND TRAIL BLAZERS,DENVER NUGGETS,112,106
2016-01-04 02:30:00+00:00,PHOENIX SUNS,LOS ANGELES LAKERS,77,97
2016-01-05 00:00:00+00:00,TORONTO RAPTORS,CLEVELAND CAVALIERS,100,122
2016-01-05 00:00:00+00:00,MINNESOTA TIMBERWOLVES,PHILADELPHIA 76ERS,99,109
2016-01-05 00:30:00+00:00,BOSTON CELTICS,BROOKLYN NETS,103,94
2016-01-05 00:30:00+00:00,ORLANDO MAGIC,DETROIT PISTONS,89,115
2016-01-05 00:30:00+00:00,INDIANA PACERS,MIAMI HEAT,100,103
2016-01-05 01:00:00+00:00,SAN ANTONIO SPURS,MILWAUKEE BUCKS,123,98
2016-01-05 01:00:00+00:00,SACRAMENTO KINGS,OKLAHOMA CITY THUNDER,116,104
2016-01-05 02:00:00+00:00,HOUSTON ROCKETS,UTAH JAZZ,93,91
2016-01-05 03:00:00+00:00,MEMPHIS GRIZZLIES,PORTLAND TRAIL BLAZERS,91,78
2016-01-05 03:30:00+00:00,CHARLOTTE HORNETS,GOLDEN STATE WARRIORS,101,111
2016-01-06 01:00:00+00:00,NEW YORK KNICKS,ATLANTA HAWKS,107,101
2016-01-06 01:00:00+00:00,MILWAUKEE BUCKS,CHICAGO BULLS,106,117
2016-01-06 01:30:00+00:00,SACRAMENTO KINGS,DALLAS MAVERICKS,116,117
2016-01-06 03:30:00+00:00,GOLDEN STATE WARRIORS,LOS ANGELES LAKERS,109,88
2016-01-07 00:00:00+00:00,NEW YORK KNICKS,MIAMI HEAT,98,90
2016-01-07 00:00:00+00:00,INDIANA PACERS,ORLANDO MAGIC,95,86
2016-01-07 00:00:00+00:00,CLEVELAND CAVALIERS,WASHINGTON WIZARDS,121,115
2016-01-07 00:30:00+00:00,DETROIT PISTONS,BOSTON CELTICS,99,94
2016-01-07 00:30:00+00:00,TORONTO RAPTORS,BROOKLYN NETS,91,74
2016-01-07 01:00:00+00:00,DENVER NUGGETS,MINNESOTA TIMBERWOLVES,78,74
2016-01-07 01:00:00+00:00,DALLAS MAVERICKS,NEW ORLEANS PELICANS,100,91
2016-01-07 01:30:00+00:00,UTAH JAZZ,SAN ANTONIO SPURS,98,123
2016-01-07 02:00:00+00:00,CHARLOTTE HORNETS,PHOENIX SUNS,102,111
2016-01-07 02:30:00+00:00,MEMPHIS GRIZZLIES,OKLAHOMA CITY THUNDER,94,112
2016-01-07 03:00:00+00:00,LOS ANGELES CLIPPERS,PORTLAND TRAIL BLAZERS,109,98
2016-01-08 00:00:00+00:00,ATLANTA HAWKS,PHILADELPHIA 76ERS,126,98
2016-01-08 01:00:00+00:00,BOSTON CELTICS,CHICAGO BULLS,92,101
2016-01-08 01:00:00+00:00,UTAH JAZZ,HOUSTON ROCKETS,94,103
2016-01-08 03:30:00+00:00,LOS ANGELES LAKERS,SACRAMENTO KINGS,115,118
2016-01-09 00:00:00+00:00,TORONTO RAPTORS,WASHINGTON WIZARDS,97,88
2016-01-09 00:30:00+00:00,ORLANDO MAGIC,BROOKLYN NETS,83,77
2016-01-09 01:00:00+00:00,DENVER NUGGETS,MEMPHIS GRIZZLIES,84,91
2016-01-09 01:00:00+00:00,DALLAS MAVERICKS,MILWAUKEE BUCKS,95,96
2016-01-09 01:00:00+00:00,CLEVELAND CAVALIERS,MINNESOTA TIMBERWOLVES,125,99
2016-01-09 01:00:00+00:00,INDIANA PACERS,NEW ORLEANS PELICANS,91,86
2016-01-09 01:30:00+00:00,NEW YORK KNICKS,SAN ANTONIO SPURS,99,100
2016-01-09 02:30:00+00:00,MIAMI HEAT,PHOENIX SUNS,103,95
2016-01-09 03:00:00+00:00,GOLDEN STATE WARRIORS,PORTLAND TRAIL BLAZERS,128,108
2016-01-09 03:30:00+00:00,OKLAHOMA CITY THUNDER,LOS ANGELES LAKERS,117,113
2016-01-09 20:30:00+00:00,CHARLOTTE HORNETS,LOS ANGELES CLIPPERS,83,97
2016-01-09 22:00:00+00:00,CHICAGO BULLS,ATLANTA HAWKS,105,120
2016-01-10 00:00:00+00:00,WASHINGTON WIZARDS,ORLANDO MAGIC,105,99
2016-01-10 00:30:00+00:00,BROOKLYN NETS,DETROIT PISTONS,89,103
2016-01-10 00:30:00+00:00,TORONTO RAPTORS,PHILADELPHIA 76ERS,108,95
2016-01-10 02:00:00+00:00,MIAMI HEAT,UTAH JAZZ,83,98
2016-01-10 03:00:00+00:00,GOLDEN STATE WARRIORS,SACRAMENTO KINGS,128,116
2016-01-10 20:30:00+00:00,NEW ORLEANS PELICANS,LOS ANGELES CLIPPERS,111,114
2016-01-10 22:00:00+00:00,DALLAS MAVERICKS,MINNESOTA TIMBERWOLVES,93,87
2016-01-10 23:00:00+00:00,BOSTON CELTICS,MEMPHIS GRIZZLIES,98,101
2016-01-10 23:00:00+00:00,CLEVELAND CAVALIERS,PHILADELPHIA 76ERS,95,85
2016-01-11 00:00:00+00:00,INDIANA PACERS,HOUSTON ROCKETS,103,107
2016-01-11 00:30:00+00:00,MILWAUKEE BUCKS,NEW YORK KNICKS,88,100
2016-01-11 01:00:00+00:00,CHARLOTTE HORNETS,DENVER NUGGETS,92,95
2016-01-11 02:00:00+00:00,OKLAHOMA CITY THUNDER,PORTLAND TRAIL BLAZERS,110,115
2016-01-11 02:30:00+00:00,UTAH JAZZ,LOS ANGELES LAKERS,86,74
2016-01-12 00:30:00+00:00,SAN ANTONIO SPURS,BROOKLYN NETS,106,79
2016-01-12 01:00:00+00:00,WASHINGTON WIZARDS,CHICAGO BULLS,114,100
2016-01-12 03:30:00+00:00,MIAMI HEAT,GOLDEN STATE WARRIORS,103,111
2016-01-13 00:00:00+00:00,PHOENIX SUNS,INDIANA PACERS,97,116
2016-01-13 00:30:00+00:00,SAN ANTONIO SPURS,DETROIT PISTONS,109,99
2016-01-13 00:30:00+00:00,BOSTON CELTICS,NEW YORK KNICKS,114,120
2016-01-13 01:00:00+00:00,HOUSTON ROCKETS,MEMPHIS GRIZZLIES,107,91
2016-01-13 01:00:00+00:00,CHICAGO BULLS,MILWAUKEE BUCKS,101,106
2016-01-13 01:00:00+00:00,OKLAHOMA CITY THUNDER,MINNESOTA TIMBERWOLVES,101,96
2016-01-13 01:30:00+00:00,CLEVELAND CAVALIERS,DALLAS MAVERICKS,110,107
2016-01-13 03:30:00+00:00,NEW ORLEANS PELICANS,LOS ANGELES LAKERS,91,95
2016-01-14 00:00:00+00:00,ATLANTA HAWKS,CHARLOTTE HORNETS,84,107
2016-01-14 00:00:00+00:00,MILWAUKEE BUCKS,WASHINGTON WIZARDS,101,106
2016-01-14 00:30:00+00:00,NEW YORK KNICKS,BROOKLYN NETS,104,110
2016-01-14 01:00:00+00:00,INDIANA PACERS,BOSTON CELTICS,94,103
2016-01-14 01:00:00+00:00,MINNESOTA TIMBERWOLVES,HOUSTON ROCKETS,104,107
2016-01-14 01:00:00+00:00,DALLAS MAVERICKS,OKLAHOMA CITY THUNDER,89,108
2016-01-14 02:00:00+00:00,GOLDEN STATE WARRIORS,DENVER NUGGETS,110,112
2016-01-14 03:00:00+00:00,UTAH JAZZ,PORTLAND TRAIL BLAZERS,85,99
2016-01-14 03:00:00+00:00,NEW ORLEANS PELICANS,SACRAMENTO KINGS,109,97
2016-01-14 03:30:00+00:00,MIAMI HEAT,LOS ANGELES CLIPPERS,90,104
2016-01-14 20:00:00+00:00,TORONTO RAPTORS,ORLANDO MAGIC,106,103
2016-01-15 00:00:00+00:00,CHICAGO BULLS,PHILADELPHIA 76ERS,115,111
2016-01-15 01:00:00+00:00,DETROIT PISTONS,MEMPHIS GRIZZLIES,101,103
2016-01-15 01:00:00+00:00,CLEVELAND CAVALIERS,SAN ANTONIO SPURS,95,99
2016-01-15 02:00:00+00:00,SACRAMENTO KINGS,UTAH JAZZ,103,101
2016-01-15 03:30:00+00:00,LOS ANGELES LAKERS,GOLDEN STATE WARRIORS,98,116
2016-01-16 00:00:00+00:00,WASHINGTON WIZARDS,INDIANA PACERS,118,104
2016-01-16 00:00:00+00:00,MINNESOTA TIMBERWOLVES,OKLAHOMA CITY THUNDER,93,113
2016-01-16 00:30:00+00:00,PHOENIX SUNS,BOSTON CELTICS,103,117
2016-01-16 00:30:00+00:00,PORTLAND TRAIL BLAZERS,BROOKLYN NETS,116,104
2016-01-16 01:00:00+00:00,DALLAS MAVERICKS,CHICAGO BULLS,83,77
2016-01-16 01:00:00+00:00,ATLANTA HAWKS,MILWAUKEE BUCKS,101,108
2016-01-16 01:00:00+00:00,CHARLOTTE HORNETS,NEW ORLEANS PELICANS,107,109
2016-01-16 02:00:00+00:00,MIAMI HEAT,DENVER NUGGETS,98,95
2016-01-16 02:30:00+00:00,CLEVELAND CAVALIERS,HOUSTON ROCKETS,91,77
2016-01-17 00:00:00+00:00,MILWAUKEE BUCKS,CHARLOTTE HORNETS,105,92
2016-01-17 00:30:00+00:00,BROOKLYN NETS,ATLANTA HAWKS,86,114
2016-01-17 00:30:00+00:00,GOLDEN STATE WARRIORS,DETROIT PISTONS,95,113
2016-01-17 00:30:00+00:00,PORTLAND TRAIL BLAZERS,PHILADELPHIA 76ERS,89,114
2016-01-17 00:30:00+00:00,BOSTON CELTICS,WASHINGTON WIZARDS,119,117
2016-01-17 01:00:00+00:00,NEW YORK KNICKS,MEMPHIS GRIZZLIES,95,103
2016-01-17 02:00:00+00:00,LOS ANGELES LAKERS,UTAH JAZZ,82,109
2016-01-17 03:30:00+00:00,SACRAMENTO KINGS,LOS ANGELES CLIPPERS,110,103
2016-01-17 20:30:00+00:00,PHOENIX SUNS,MINNESOTA TIMBERWOLVES,87,117
2016-01-18 00:00:00+00:00,MIAMI HEAT,OKLAHOMA CITY THUNDER,74,99
2016-01-18 00:00:00+00:00,DALLAS MAVERICKS,SAN ANTONIO SPURS,83,112
2016-01-18 01:00:00+00:00,INDIANA PACERS,DENVER NUGGETS,126,129
2016-01-18 02:30:00+00:00,HOUSTON ROCKETS,LOS ANGELES LAKERS,112,95
2016-01-18 18:00:00+00:00,PHILADELPHIA 76ERS,NEW YORK KNICKS,113,119
2016-01-18 19:00:00+00:00,UTAH JAZZ,CHARLOTTE HORNETS,119,124
2016-01-18 19:00:00+00:00,PORTLAND TRAIL BLAZERS,WASHINGTON WIZARDS,108,98
2016-01-18 19:30:00+00:00,NEW ORLEANS PELICANS,MEMPHIS GRIZZLIES,99,101
2016-01-18 20:30:00+00:00,CHICAGO BULLS,DETROIT PISTONS,111,101
2016-01-18 22:00:00+00:00,ORLANDO MAGIC,ATLANTA HAWKS,81,98
2016-01-19 00:30:00+00:00,BROOKLYN NETS,TORONTO RAPTORS,100,112
2016-01-19 01:00:00+00:00,GOLDEN STATE WARRIORS,CLEVELAND CAVALIERS,132,98
2016-01-19 01:30:00+00:00,BOSTON CELTICS,DALLAS MAVERICKS,113,118
2016-01-19 03:30:00+00:00,HOUSTON ROCKETS,LOS ANGELES CLIPPERS,132,140
2016-01-20 00:30:00+00:00,MILWAUKEE BUCKS,MIAMI HEAT,91,79
2016-01-20 01:00:00+00:00,MINNESOTA TIMBERWOLVES,NEW ORLEANS PELICANS,99,114
2016-01-20 02:00:00+00:00,OKLAHOMA CITY THUNDER,DENVER NUGGETS,110,104
2016-01-20 02:00:00+00:00,INDIANA PACERS,PHOENIX SUNS,97,94
2016-01-21 00:00:00+00:00,PHILADELPHIA 76ERS,ORLANDO MAGIC,96,87
2016-01-21 00:00:00+00:00,MIAMI HEAT,WASHINGTON WIZARDS,87,106
2016-01-21 00:30:00+00:00,CLEVELAND CAVALIERS,BROOKLYN NETS,91,78
2016-01-21 00:30:00+00:00,UTAH JAZZ,NEW YORK KNICKS,111,118
2016-01-21 00:30:00+00:00,BOSTON CELTICS,TORONTO RAPTORS,109,115
2016-01-21 01:00:00+00:00,GOLDEN STATE WARRIORS,CHICAGO BULLS,125,94
2016-01-21 01:00:00+00:00,DETROIT PISTONS,HOUSTON ROCKETS,123,114
2016-01-21 01:00:00+00:00,CHARLOTTE HORNETS,OKLAHOMA CITY THUNDER,95,109
2016-01-21 01:30:00+00:00,MINNESOTA TIMBERWOLVES,DALLAS MAVERICKS,94,106
2016-01-21 03:30:00+00:00,SACRAMENTO KINGS,LOS ANGELES LAKERS,112,93
2016-01-21 03:30:00+00:00,ATLANTA HAWKS,PORTLAND TRAIL BLAZERS,104,98
2016-01-22 01:00:00+00:00,LOS ANGELES CLIPPERS,CLEVELAND CAVALIERS,102,115
2016-01-22 01:00:00+00:00,DETROIT PISTONS,NEW ORLEANS PELICANS,99,115
2016-01-22 02:00:00+00:00,MEMPHIS GRIZZLIES,DENVER NUGGETS,102,101
2016-01-22 03:00:00+00:00,ATLANTA HAWKS,SACRAMENTO KINGS,88,91
2016-01-22 03:30:00+00:00,SAN ANTONIO SPURS,PHOENIX SUNS,117,89
2016-01-23 00:00:00+00:00,CHARLOTTE HORNETS,ORLANDO MAGIC,120,116
2016-01-23 00:30:00+00:00,CHICAGO BULLS,BOSTON CELTICS,101,110
2016-01-23 00:30:00+00:00,UTAH JAZZ,BROOKLYN NETS,108,86
2016-01-23 00:30:00+00:00,LOS ANGELES CLIPPERS,NEW YORK KNICKS,116,88
2016-01-23 01:00:00+00:00,MILWAUKEE BUCKS,HOUSTON ROCKETS,98,102
2016-01-23 01:00:00+00:00,MIAMI HEAT,TORONTO RAPTORS,81,101
2016-01-23 01:30:00+00:00,OKLAHOMA CITY THUNDER,DALLAS MAVERICKS,109,106
2016-01-23 03:30:00+00:00,INDIANA PACERS,GOLDEN STATE WARRIORS,110,122
2016-01-23 03:30:00+00:00,SAN ANTONIO SPURS,LOS ANGELES LAKERS,108,95
2016-01-24 00:00:00+00:00,NEW YORK KNICKS,CHARLOTTE HORNETS,84,97
2016-01-24 00:00:00+00:00,MILWAUKEE BUCKS,NEW ORLEANS PELICANS,99,116
2016-01-24 01:00:00+00:00,MEMPHIS GRIZZLIES,MINNESOTA TIMBERWOLVES,101,106
2016-01-24 01:30:00+00:00,CHICAGO BULLS,CLEVELAND CAVALIERS,96,83
2016-01-24 02:00:00+00:00,ATLANTA HAWKS,PHOENIX SUNS,95,98
2016-01-24 02:30:00+00:00,DETROIT PISTONS,DENVER NUGGETS,101,104
2016-01-24 03:30:00+00:00,LOS ANGELES LAKERS,PORTLAND TRAIL BLAZERS,103,121
2016-01-24 03:30:00+00:00,INDIANA PACERS,SACRAMENTO KINGS,97,108
2016-01-24 20:30:00+00:00,DALLAS MAVERICKS,HOUSTON ROCKETS,104,115
2016-01-24 23:00:00+00:00,LOS ANGELES CLIPPERS,TORONTO RAPTORS,94,112
2016-01-25 00:00:00+00:00,BOSTON CELTICS,PHILADELPHIA 76ERS,112,92
2016-01-25 00:30:00+00:00,OKLAHOMA CITY THUNDER,BROOKLYN NETS,106,116
2016-01-26 00:00:00+00:00,MINNESOTA TIMBERWOLVES,CLEVELAND CAVALIERS,107,114
2016-01-26 00:00:00+00:00,BOSTON CELTICS,WASHINGTON WIZARDS,116,91
2016-01-26 01:00:00+00:00,MIAMI HEAT,CHICAGO BULLS,89,84
2016-01-26 01:00:00+00:00,ORLANDO MAGIC,MEMPHIS GRIZZLIES,102,108
2016-01-26 01:00:00+00:00,HOUSTON ROCKETS,NEW ORLEANS PELICANS,112,111
2016-01-26 02:00:00+00:00,ATLANTA HAWKS,DENVER NUGGETS,119,105
2016-01-26 02:00:00+00:00,DETROIT PISTONS,UTAH JAZZ,95,92
2016-01-26 03:00:00+00:00,CHARLOTTE HORNETS,SACRAMENTO KINGS,129,128
2016-01-26 03:30:00+00:00,SAN ANTONIO SPURS,GOLDEN STATE WARRIORS,90,120
2016-01-27 00:00:00+00:00,LOS ANGELES CLIPPERS,INDIANA PACERS,91,89
2016-01-27 00:00:00+00:00,PHOENIX SUNS,PHILADELPHIA 76ERS,103,113
2016-01-27 00:30:00+00:00,MIAMI HEAT,BROOKLYN NETS,102,98
2016-01-27 00:30:00+00:00,OKLAHOMA CITY THUNDER,NEW YORK KNICKS,128,122
2016-01-27 00:30:00+00:00,WASHINGTON WIZARDS,TORONTO RAPTORS,89,106
2016-01-27 01:00:00+00:00,ORLANDO MAGIC,MILWAUKEE BUCKS,100,107
2016-01-27 03:00:00+00:00,SACRAMENTO KINGS,PORTLAND TRAIL BLAZERS,97,112
2016-01-27 03:30:00+00:00,DALLAS MAVERICKS,LOS ANGELES LAKERS,92,90
2016-01-28 00:00:00+00:00,PHOENIX SUNS,CLEVELAND CAVALIERS,93,115
2016-01-28 00:30:00+00:00,DENVER NUGGETS,BOSTON CELTICS,103,111
2016-01-28 00:30:00+00:00,PHILADELPHIA 76ERS,DETROIT PISTONS,97,110
2016-01-28 01:00:00+00:00,LOS ANGELES CLIPPERS,ATLANTA HAWKS,85,83
2016-01-28 01:00:00+00:00,OKLAHOMA CITY THUNDER,MINNESOTA TIMBERWOLVES,126,123
2016-01-28 01:00:00+00:00,HOUSTON ROCKETS,SAN ANTONIO SPURS,99,130
2016-01-28 02:00:00+00:00,CHARLOTTE HORNETS,UTAH JAZZ,73,102
2016-01-28 03:30:00+00:00,DALLAS MAVERICKS,GOLDEN STATE WARRIORS,107,127
2016-01-29 00:00:00+00:00,ATLANTA HAWKS,INDIANA PACERS,92,111
2016-01-29 00:00:00+00:00,DENVER NUGGETS,WASHINGTON WIZARDS,117,113
2016-01-29 01:00:00+00:00,MILWAUKEE BUCKS,MEMPHIS GRIZZLIES,83,103
2016-01-29 01:00:00+00:00,SACRAMENTO KINGS,NEW ORLEANS PELICANS,105,114
2016-01-29 01:00:00+00:00,NEW YORK KNICKS,TORONTO RAPTORS,93,103
2016-01-29 03:30:00+00:00,CHICAGO BULLS,LOS ANGELES LAKERS,114,91
2016-01-30 00:30:00+00:00,ORLANDO MAGIC,BOSTON CELTICS,94,113
2016-01-30 00:30:00+00:00,CLEVELAND CAVALIERS,DETROIT PISTONS,114,106
2016-01-30 00:30:00+00:00,PHOENIX SUNS,NEW YORK KNICKS,84,102
2016-01-30 01:00:00+00:00,MIAMI HEAT,MILWAUKEE BUCKS,107,103
2016-01-30 01:00:00+00:00,HOUSTON ROCKETS,OKLAHOMA CITY THUNDER,108,116
2016-01-30 01:30:00+00:00,BROOKLYN NETS,DALLAS MAVERICKS,79,91
2016-01-30 02:00:00+00:00,MINNESOTA TIMBERWOLVES,UTAH JAZZ,90,103
2016-01-30 03:00:00+00:00,CHARLOTTE HORNETS,PORTLAND TRAIL BLAZERS,91,109
2016-01-30 03:30:00+00:00,LOS ANGELES LAKERS,LOS ANGELES CLIPPERS,93,105
2016-01-30 22:00:00+00:00,GOLDEN STATE WARRIORS,PHILADELPHIA 76ERS,108,105
2016-01-30 23:30:00+00:00,DETROIT PISTONS,TORONTO RAPTORS,107,111
2016-01-31 00:00:00+00:00,DENVER NUGGETS,INDIANA PACERS,105,109
2016-01-31 00:00:00+00:00,BROOKLYN NETS,NEW ORLEANS PELICANS,103,105
2016-01-31 01:00:00+00:00,WASHINGTON WIZARDS,HOUSTON ROCKETS,123,122
2016-01-31 01:00:00+00:00,SACRAMENTO KINGS,MEMPHIS GRIZZLIES,117,121
2016-01-31 01:30:00+00:00,SAN ANTONIO SPURS,CLEVELAND CAVALIERS,103,117
2016-01-31 20:30:00+00:00,CHICAGO BULLS,LOS ANGELES CLIPPERS,93,120
2016-01-31 23:00:00+00:00,ATLANTA HAWKS,MIAMI HEAT,87,105
2016-01-31 23:00:00+00:00,BOSTON CELTICS,ORLANDO MAGIC,114,119
2016-02-01 00:00:00+00:00,PHOENIX SUNS,DALLAS MAVERICKS,78,91
2016-02-01 00:30:00+00:00,GOLDEN STATE WARRIORS,NEW YORK KNICKS,116,95
2016-02-01 02:00:00+00:00,MINNESOTA TIMBERWOLVES,PORTLAND TRAIL BLAZERS,93,96
2016-02-01 02:30:00+00:00,CHARLOTTE HORNETS,LOS ANGELES LAKERS,101,82
2016-02-02 00:00:00+00:00,CLEVELAND CAVALIERS,INDIANA PACERS,111,106
2016-02-02 00:30:00+00:00,DETROIT PISTONS,BROOKLYN NETS,105,100
2016-02-02 01:00:00+00:00,DALLAS MAVERICKS,ATLANTA HAWKS,97,112
2016-02-02 01:00:00+00:00,MEMPHIS GRIZZLIES,NEW ORLEANS PELICANS,110,95
2016-02-02 01:00:00+00:00,WASHINGTON WIZARDS,OKLAHOMA CITY THUNDER,98,114
2016-02-02 01:30:00+00:00,ORLANDO MAGIC,SAN ANTONIO SPURS,92,107
2016-02-02 02:00:00+00:00,TORONTO RAPTORS,DENVER NUGGETS,93,112
2016-02-02 02:00:00+00:00,CHICAGO BULLS,UTAH JAZZ,96,105
2016-02-02 03:00:00+00:00,MILWAUKEE BUCKS,SACRAMENTO KINGS,104,111
2016-02-03 00:30:00+00:00,BOSTON CELTICS,NEW YORK KNICKS,97,89
2016-02-03 01:00:00+00:00,MIAMI HEAT,HOUSTON ROCKETS,102,115
2016-02-03 02:00:00+00:00,TORONTO RAPTORS,PHOENIX SUNS,104,97
2016-02-03 03:00:00+00:00,MILWAUKEE BUCKS,PORTLAND TRAIL BLAZERS,95,107
2016-02-03 03:30:00+00:00,MINNESOTA TIMBERWOLVES,LOS ANGELES LAKERS,115,119
2016-02-04 00:00:00+00:00,CLEVELAND CAVALIERS,CHARLOTTE HORNETS,97,106
2016-02-04 00:00:00+00:00,ATLANTA HAWKS,PHILADELPHIA 76ERS,124,86
2016-02-04 00:30:00+00:00,DETROIT PISTONS,BOSTON CELTICS,95,102
2016-02-04 00:30:00+00:00,INDIANA PACERS,BROOKLYN NETS,114,100
2016-02-04 01:00:00+00:00,ORLANDO MAGIC,OKLAHOMA CITY THUNDER,114,117
2016-02-04 01:00:00+00:00,GOLDEN STATE WARRIORS,WASHINGTON WIZARDS,134,121
2016-02-04 01:30:00+00:00,MIAMI HEAT,DALLAS MAVERICKS,93,90
2016-02-04 01:30:00+00:00,NEW ORLEANS PELICANS,SAN ANTONIO SPURS,97,110
2016-02-04 02:00:00+00:00,DENVER NUGGETS,UTAH JAZZ,81,85
2016-02-04 03:00:00+00:00,CHICAGO BULLS,SACRAMENTO KINGS,107,102
2016-02-04 03:30:00+00:00,MINNESOTA TIMBERWOLVES,LOS ANGELES CLIPPERS,108,102
2016-02-05 00:00:00+00:00,NEW YORK KNICKS,DETROIT PISTONS,105,111
2016-02-05 02:00:00+00:00,HOUSTON ROCKETS,PHOENIX SUNS,111,105
2016-02-05 02:30:00+00:00,LOS ANGELES LAKERS,NEW ORLEANS PELICANS,99,96
2016-02-05 03:00:00+00:00,TORONTO RAPTORS,PORTLAND TRAIL BLAZERS,110,103
2016-02-06 00:00:00+00:00,INDIANA PACERS,ATLANTA HAWKS,96,102
2016-02-06 00:00:00+00:00,MIAMI HEAT,CHARLOTTE HORNETS,98,95
2016-02-06 00:00:00+00:00,LOS ANGELES CLIPPERS,ORLANDO MAGIC,107,93
2016-02-06 00:00:00+00:00,PHILADELPHIA 76ERS,WASHINGTON WIZARDS,94,106
2016-02-06 00:30:00+00:00,SACRAMENTO KINGS,BROOKLYN NETS,119,128
2016-02-06 00:30:00+00:00,BOSTON CELTICS,CLEVELAND CAVALIERS,104,103
2016-02-06 00:30:00+00:00,MEMPHIS GRIZZLIES,NEW YORK KNICKS,91,85
2016-02-06 02:00:00+00:00,CHICAGO BULLS,DENVER NUGGETS,110,115
2016-02-06 02:00:00+00:00,MILWAUKEE BUCKS,UTAH JAZZ,81,84
2016-02-06 02:30:00+00:00,SAN ANTONIO SPURS,DALLAS MAVERICKS,116,90
2016-02-06 22:00:00+00:00,PORTLAND TRAIL BLAZERS,HOUSTON ROCKETS,96,79
2016-02-07 00:00:00+00:00,WASHINGTON WIZARDS,CHARLOTTE HORNETS,104,108
2016-02-07 00:00:00+00:00,DETROIT PISTONS,INDIANA PACERS,104,112
2016-02-07 00:30:00+00:00,NEW ORLEANS PELICANS,CLEVELAND CAVALIERS,84,99
2016-02-07 00:30:00+00:00,BROOKLYN NETS,PHILADELPHIA 76ERS,98,103
2016-02-07 01:00:00+00:00,DALLAS MAVERICKS,MEMPHIS GRIZZLIES,114,110
2016-02-07 01:00:00+00:00,CHICAGO BULLS,MINNESOTA TIMBERWOLVES,105,112
2016-02-07 01:30:00+00:00,LOS ANGELES LAKERS,SAN ANTONIO SPURS,102,106
2016-02-07 02:00:00+00:00,OKLAHOMA CITY THUNDER,GOLDEN STATE WARRIORS,108,116
2016-02-07 02:00:00+00:00,UTAH JAZZ,PHOENIX SUNS,98,89
2016-02-07 18:00:00+00:00,SACRAMENTO KINGS,BOSTON CELTICS,119,128
2016-02-07 18:00:00+00:00,DENVER NUGGETS,NEW YORK KNICKS,101,96
2016-02-07 18:00:00+00:00,ATLANTA HAWKS,ORLANDO MAGIC,94,96
2016-02-07 19:00:00+00:00,LOS ANGELES CLIPPERS,MIAMI HEAT,100,93
2016-02-09 00:00:00+00:00,CHICAGO BULLS,CHARLOTTE HORNETS,91,108
2016-02-09 00:00:00+00:00,SACRAMENTO KINGS,CLEVELAND CAVALIERS,100,120
2016-02-09 00:00:00+00:00,LOS ANGELES LAKERS,INDIANA PACERS,87,89
2016-02-09 00:00:00+00:00,LOS ANGELES CLIPPERS,PHILADELPHIA 76ERS,98,92
2016-02-09 00:30:00+00:00,DENVER NUGGETS,BROOKLYN NETS,104,105
2016-02-09 00:30:00+00:00,TORONTO RAPTORS,DETROIT PISTONS,103,89
2016-02-09 01:00:00+00:00,ORLANDO MAGIC,ATLANTA HAWKS,117,110
2016-02-09 01:00:00+00:00,PORTLAND TRAIL BLAZERS,MEMPHIS GRIZZLIES,112,106
2016-02-09 01:00:00+00:00,NEW ORLEANS PELICANS,MINNESOTA TIMBERWOLVES,116,102
2016-02-09 02:00:00+00:00,OKLAHOMA CITY THUNDER,PHOENIX SUNS,122,106
2016-02-10 01:00:00+00:00,SAN ANTONIO SPURS,MIAMI HEAT,119,101
2016-02-10 01:00:00+00:00,BOSTON CELTICS,MILWAUKEE BUCKS,111,112
2016-02-10 01:00:00+00:00,WASHINGTON WIZARDS,NEW YORK KNICKS,111,108
2016-02-10 01:30:00+00:00,UTAH JAZZ,DALLAS MAVERICKS,121,119
2016-02-10 03:30:00+00:00,HOUSTON ROCKETS,GOLDEN STATE WARRIORS,110,123
2016-02-11 00:00:00+00:00,CHARLOTTE HORNETS,INDIANA PACERS,117,95
2016-02-11 00:00:00+00:00,SAN ANTONIO SPURS,ORLANDO MAGIC,98,96
2016-02-11 00:00:00+00:00,SACRAMENTO KINGS,PHILADELPHIA 76ERS,114,110
2016-02-11 00:30:00+00:00,LOS ANGELES CLIPPERS,BOSTON CELTICS,134,139
2016-02-11 00:30:00+00:00,MEMPHIS GRIZZLIES,BROOKLYN NETS,109,90
2016-02-11 00:30:00+00:00,DENVER NUGGETS,DETROIT PISTONS,103,92
2016-02-11 01:00:00+00:00,ATLANTA HAWKS,CHICAGO BULLS,113,90
2016-02-11 01:00:00+00:00,LOS ANGELES LAKERS,CLEVELAND CAVALIERS,111,120
2016-02-11 01:00:00+00:00,TORONTO RAPTORS,MINNESOTA TIMBERWOLVES,112,117
2016-02-11 01:00:00+00:00,UTAH JAZZ,NEW ORLEANS PELICANS,96,100
2016-02-11 02:00:00+00:00,GOLDEN STATE WARRIORS,PHOENIX SUNS,112,104
2016-02-11 03:30:00+00:00,HOUSTON ROCKETS,PORTLAND TRAIL BLAZERS,103,116
2016-02-12 01:00:00+00:00,WASHINGTON WIZARDS,MILWAUKEE BUCKS,92,99
2016-02-12 01:00:00+00:00,NEW ORLEANS PELICANS,OKLAHOMA CITY THUNDER,95,121
2016-02-19 00:00:00+00:00,UTAH JAZZ,WASHINGTON WIZARDS,89,103
2016-02-19 01:00:00+00:00,CHICAGO BULLS,CLEVELAND CAVALIERS,95,106
2016-02-19 03:30:00+00:00,SAN ANTONIO SPURS,LOS ANGELES CLIPPERS,86,105
2016-02-20 00:00:00+00:00,DALLAS MAVERICKS,ORLANDO MAGIC,104,110
2016-02-20 00:00:00+00:00,DETROIT PISTONS,WASHINGTON WIZARDS,86,98
2016-02-20 00:30:00+00:00,NEW YORK KNICKS,BROOKLYN NETS,98,109
2016-02-20 01:00:00+00:00,MIAMI HEAT,ATLANTA HAWKS,115,111
2016-02-20 01:00:00+00:00,TORONTO RAPTORS,CHICAGO BULLS,106,116
2016-02-20 01:00:00+00:00,MINNESOTA TIMBERWOLVES,MEMPHIS GRIZZLIES,104,109
2016-02-20 01:00:00+00:00,CHARLOTTE HORNETS,MILWAUKEE BUCKS,98,95
2016-02-20 01:00:00+00:00,PHILADELPHIA 76ERS,NEW ORLEANS PELICANS,114,121
2016-02-20 01:00:00+00:00,INDIANA PACERS,OKLAHOMA CITY THUNDER,101,98
2016-02-20 02:30:00+00:00,HOUSTON ROCKETS,PHOENIX SUNS,116,100
2016-02-20 03:00:00+00:00,GOLDEN STATE WARRIORS,PORTLAND TRAIL BLAZERS,105,137
2016-02-20 03:00:00+00:00,DENVER NUGGETS,SACRAMENTO KINGS,110,116
2016-02-20 03:30:00+00:00,SAN ANTONIO SPURS,LOS ANGELES LAKERS,119,113
2016-02-20 03:30:00+00:00,BOSTON CELTICS,UTAH JAZZ,93,111
2016-02-21 00:30:00+00:00,MILWAUKEE BUCKS,ATLANTA HAWKS,117,109
2016-02-21 00:30:00+00:00,WASHINGTON WIZARDS,MIAMI HEAT,94,114
2016-02-21 01:00:00+00:00,NEW YORK KNICKS,MINNESOTA TIMBERWOLVES,103,95
2016-02-21 01:30:00+00:00,GOLDEN STATE WARRIORS,LOS ANGELES CLIPPERS,115,112
2016-02-21 20:30:00+00:00,NEW ORLEANS PELICANS,DETROIT PISTONS,111,106
2016-02-21 20:30:00+00:00,CLEVELAND CAVALIERS,OKLAHOMA CITY THUNDER,115,92
2016-02-21 22:00:00+00:00,BOSTON CELTICS,DENVER NUGGETS,121,101
2016-02-21 22:00:00+00:00,SAN ANTONIO SPURS,PHOENIX SUNS,118,111
2016-02-21 23:00:00+00:00,CHARLOTTE HORNETS,BROOKLYN NETS,104,96
2016-02-21 23:00:00+00:00,INDIANA PACERS,ORLANDO MAGIC,105,102
2016-02-21 23:00:00+00:00,MEMPHIS GRIZZLIES,TORONTO RAPTORS,85,98
2016-02-22 00:00:00+00:00,PHILADELPHIA 76ERS,DALLAS MAVERICKS,103,129
2016-02-22 01:00:00+00:00,LOS ANGELES LAKERS,CHICAGO BULLS,115,126
2016-02-22 02:00:00+00:00,UTAH JAZZ,PORTLAND TRAIL BLAZERS,111,115
2016-02-23 00:00:00+00:00,DETROIT PISTONS,CLEVELAND CAVALIERS,96,88
2016-02-23 00:30:00+00:00,INDIANA PACERS,MIAMI HEAT,93,101
2016-02-23 00:30:00+00:00,TORONTO RAPTORS,NEW YORK KNICKS,122,95
2016-02-23 01:00:00+00:00,GOLDEN STATE WARRIORS,ATLANTA HAWKS,102,92
2016-02-23 01:00:00+00:00,LOS ANGELES LAKERS,MILWAUKEE BUCKS,101,108
2016-02-23 01:00:00+00:00,BOSTON CELTICS,MINNESOTA TIMBERWOLVES,122,124
2016-02-23 03:30:00+00:00,PHOENIX SUNS,LOS ANGELES CLIPPERS,84,124
2016-02-24 00:00:00+00:00,ORLANDO MAGIC,PHILADELPHIA 76ERS,124,115
2016-02-24 00:00:00+00:00,NEW ORLEANS PELICANS,WASHINGTON WIZARDS,89,109
2016-02-24 02:00:00+00:00,SACRAMENTO KINGS,DENVER NUGGETS,114,110
2016-02-24 02:00:00+00:00,HOUSTON ROCKETS,UTAH JAZZ,114,117
2016-02-24 03:00:00+00:00,BROOKLYN NETS,PORTLAND TRAIL BLAZERS,104,112
2016-02-25 00:00:00+00:00,CHARLOTTE HORNETS,CLEVELAND CAVALIERS,103,114
2016-02-25 00:00:00+00:00,NEW YORK KNICKS,INDIANA PACERS,105,108
2016-02-25 00:30:00+00:00,PHILADELPHIA 76ERS,DETROIT PISTONS,91,111
2016-02-25 00:30:00+00:00,GOLDEN STATE WARRIORS,MIAMI HEAT,118,112
2016-02-25 00:30:00+00:00,MINNESOTA TIMBERWOLVES,TORONTO RAPTORS,105,114
2016-02-25 01:00:00+00:00,WASHINGTON WIZARDS,CHICAGO BULLS,104,109
2016-02-25 01:00:00+00:00,LOS ANGELES LAKERS,MEMPHIS GRIZZLIES,119,128
2016-02-25 01:30:00+00:00,OKLAHOMA CITY THUNDER,DALLAS MAVERICKS,116,103
2016-02-25 03:30:00+00:00,DENVER NUGGETS,LOS ANGELES CLIPPERS,87,81
2016-02-25 03:30:00+00:00,SAN ANTONIO SPURS,SACRAMENTO KINGS,108,92
2016-02-26 00:00:00+00:00,GOLDEN STATE WARRIORS,ORLANDO MAGIC,130,114
2016-02-26 00:30:00+00:00,MILWAUKEE BUCKS,BOSTON CELTICS,107,112
2016-02-26 01:00:00+00:00,OKLAHOMA CITY THUNDER,NEW ORLEANS PELICANS,119,123
2016-02-26 02:00:00+00:00,BROOKLYN NETS,PHOENIX SUNS,116,106
2016-02-26 03:30:00+00:00,HOUSTON ROCKETS,PORTLAND TRAIL BLAZERS,119,105
2016-02-26 03:30:00+00:00,SAN ANTONIO SPURS,UTAH JAZZ,96,78
2016-02-27 00:00:00+00:00,CHARLOTTE HORNETS,INDIANA PACERS,96,95
2016-02-27 00:00:00+00:00,WASHINGTON WIZARDS,PHILADELPHIA 76ERS,103,94
2016-02-27 00:30:00+00:00,ORLANDO MAGIC,NEW YORK KNICKS,95,108
2016-02-27 00:30:00+00:00,CLEVELAND CAVALIERS,TORONTO RAPTORS,97,99
2016-02-27 01:00:00+00:00,CHICAGO BULLS,ATLANTA HAWKS,88,103
2016-02-27 01:30:00+00:00,DENVER NUGGETS,DALLAS MAVERICKS,116,122
2016-02-27 03:00:00+00:00,LOS ANGELES CLIPPERS,SACRAMENTO KINGS,117,107
2016-02-27 03:30:00+00:00,MEMPHIS GRIZZLIES,LOS ANGELES LAKERS,112,95
2016-02-27 20:00:00+00:00,MIAMI HEAT,BOSTON CELTICS,89,101
2016-02-28 00:00:00+00:00,MINNESOTA TIMBERWOLVES,NEW ORLEANS PELICANS,112,110
2016-02-28 01:00:00+00:00,PORTLAND TRAIL BLAZERS,CHICAGO BULLS,103,95
2016-02-28 01:00:00+00:00,SAN ANTONIO SPURS,HOUSTON ROCKETS,104,94
2016-02-28 01:30:00+00:00,DETROIT PISTONS,MILWAUKEE BUCKS,102,91
2016-02-28 01:30:00+00:00,GOLDEN STATE WARRIORS,OKLAHOMA CITY THUNDER,121,118
2016-02-28 02:30:00+00:00,MEMPHIS GRIZZLIES,PHOENIX SUNS,106,111
2016-02-28 02:30:00+00:00,BROOKLYN NETS,UTAH JAZZ,98,96
2016-02-28 18:00:00+00:00,CLEVELAND CAVALIERS,WASHINGTON WIZARDS,99,113
2016-02-28 20:30:00+00:00,CHARLOTTE HORNETS,ATLANTA HAWKS,76,87
2016-02-28 23:00:00+00:00,TORONTO RAPTORS,DETROIT PISTONS,101,114
2016-02-28 23:00:00+00:00,PORTLAND TRAIL BLAZERS,INDIANA PACERS,111,102
2016-02-28 23:00:00+00:00,PHILADELPHIA 76ERS,ORLANDO MAGIC,116,130
2016-02-29 00:00:00+00:00,MINNESOTA TIMBERWOLVES,DALLAS MAVERICKS,101,128
2016-02-29 00:30:00+00:00,MIAMI HEAT,NEW YORK KNICKS,98,81
2016-03-01 00:00:00+00:00,INDIANA PACERS,CLEVELAND CAVALIERS,96,100
2016-03-01 00:00:00+00:00,PHILADELPHIA 76ERS,WASHINGTON WIZARDS,108,116
2016-03-01 00:30:00+00:00,UTAH JAZZ,BOSTON CELTICS,95,100
2016-03-01 01:00:00+00:00,HOUSTON ROCKETS,MILWAUKEE BUCKS,121,128
2016-03-01 02:00:00+00:00,MEMPHIS GRIZZLIES,DENVER NUGGETS,103,96
2016-03-01 03:00:00+00:00,OKLAHOMA CITY THUNDER,SACRAMENTO KINGS,131,116
2016-03-01 03:30:00+00:00,BROOKLYN NETS,LOS ANGELES CLIPPERS,95,105
2016-03-02 00:00:00+00:00,PHOENIX SUNS,CHARLOTTE HORNETS,92,126
2016-03-02 00:30:00+00:00,CHICAGO BULLS,MIAMI HEAT,111,129
2016-03-02 00:30:00+00:00,PORTLAND TRAIL BLAZERS,NEW YORK KNICKS,104,85
2016-03-02 01:30:00+00:00,ORLANDO MAGIC,DALLAS MAVERICKS,108,121
2016-03-02 03:30:00+00:00,ATLANTA HAWKS,GOLDEN STATE WARRIORS,105,109
2016-03-02 03:30:00+00:00,BROOKLYN NETS,LOS ANGELES LAKERS,101,107
2016-03-03 00:00:00+00:00,CHICAGO BULLS,ORLANDO MAGIC,89,102
2016-03-03 00:00:00+00:00,CHARLOTTE HORNETS,PHILADELPHIA 76ERS,119,99
2016-03-03 00:30:00+00:00,PORTLAND TRAIL BLAZERS,BOSTON CELTICS,93,116
2016-03-03 00:30:00+00:00,UTAH JAZZ,TORONTO RAPTORS,94,104
2016-03-03 01:00:00+00:00,NEW ORLEANS PELICANS,HOUSTON ROCKETS,95,100
2016-03-03 01:00:00+00:00,SACRAMENTO KINGS,MEMPHIS GRIZZLIES,98,104
2016-03-03 01:00:00+00:00,INDIANA PACERS,MILWAUKEE BUCKS,104,99
2016-03-03 01:00:00+00:00,WASHINGTON WIZARDS,MINNESOTA TIMBERWOLVES,104,98
2016-03-03 01:00:00+00:00,DETROIT PISTONS,SAN ANTONIO SPURS,81,97
2016-03-03 02:00:00+00:00,LOS ANGELES LAKERS,DENVER NUGGETS,107,117
2016-03-03 03:30:00+00:00,OKLAHOMA CITY THUNDER,LOS ANGELES CLIPPERS,98,103
2016-03-04 00:30:00+00:00,PHOENIX SUNS,MIAMI HEAT,92,108
2016-03-04 01:00:00+00:00,SAN ANTONIO SPURS,NEW ORLEANS PELICANS,94,86
2016-03-04 01:30:00+00:00,SACRAMENTO KINGS,DALLAS MAVERICKS,104,101
2016-03-04 03:30:00+00:00,OKLAHOMA CITY THUNDER,GOLDEN STATE WARRIORS,106,121
2016-03-05 00:00:00+00:00,INDIANA PACERS,CHARLOTTE HORNETS,101,108
2016-03-05 00:00:00+00:00,PHOENIX SUNS,ORLANDO MAGIC,102,84
2016-03-05 00:00:00+00:00,MIAMI HEAT,PHILADELPHIA 76ERS,112,102
2016-03-05 00:30:00+00:00,NEW YORK KNICKS,BOSTON CELTICS,104,105
2016-03-05 00:30:00+00:00,PORTLAND TRAIL BLAZERS,TORONTO RAPTORS,115,117
2016-03-05 01:00:00+00:00,WASHINGTON WIZARDS,CLEVELAND CAVALIERS,83,108
2016-03-05 01:00:00+00:00,UTAH JAZZ,MEMPHIS GRIZZLIES,88,94
2016-03-05 01:00:00+00:00,MINNESOTA TIMBERWOLVES,MILWAUKEE BUCKS,101,116
2016-03-05 02:00:00+00:00,BROOKLYN NETS,DENVER NUGGETS,121,120
2016-03-05 03:30:00+00:00,ATLANTA HAWKS,LOS ANGELES LAKERS,106,77
2016-03-06 00:00:00+00:00,BOSTON CELTICS,CLEVELAND CAVALIERS,103,120
2016-03-06 00:00:00+00:00,UTAH JAZZ,NEW ORLEANS PELICANS,106,94
2016-03-06 00:00:00+00:00,DETROIT PISTONS,NEW YORK KNICKS,89,102
2016-03-06 00:00:00+00:00,INDIANA PACERS,WASHINGTON WIZARDS,100,99
2016-03-06 01:00:00+00:00,BROOKLYN NETS,MINNESOTA TIMBERWOLVES,118,132
2016-03-06 01:30:00+00:00,HOUSTON ROCKETS,CHICAGO BULLS,100,108
2016-03-06 01:30:00+00:00,SACRAMENTO KINGS,SAN ANTONIO SPURS,94,104
2016-03-06 03:30:00+00:00,ATLANTA HAWKS,LOS ANGELES CLIPPERS,107,97
2016-03-06 20:30:00+00:00,GOLDEN STATE WARRIORS,LOS ANGELES LAKERS,95,112
2016-03-06 20:30:00+00:00,OKLAHOMA CITY THUNDER,MILWAUKEE BUCKS,104,96
2016-03-06 21:00:00+00:00,PHOENIX SUNS,MEMPHIS GRIZZLIES,109,100
2016-03-06 22:00:00+00:00,DALLAS MAVERICKS,DENVER NUGGETS,114,116
2016-03-06 23:00:00+00:00,PORTLAND TRAIL BLAZERS,DETROIT PISTONS,103,123
2016-03-06 23:00:00+00:00,PHILADELPHIA 76ERS,MIAMI HEAT,98,103
2016-03-06 23:30:00+00:00,HOUSTON ROCKETS,TORONTO RAPTORS,113,107
2016-03-08 00:00:00+00:00,MINNESOTA TIMBERWOLVES,CHARLOTTE HORNETS,103,108
2016-03-08 00:00:00+00:00,MEMPHIS GRIZZLIES,CLEVELAND CAVALIERS,106,103
2016-03-08 00:00:00+00:00,SAN ANTONIO SPURS,INDIANA PACERS,91,99
2016-03-08 01:00:00+00:00,MILWAUKEE BUCKS,CHICAGO BULLS,90,100
2016-03-08 01:00:00+00:00,SACRAMENTO KINGS,NEW ORLEANS PELICANS,112,115
2016-03-08 01:30:00+00:00,LOS ANGELES CLIPPERS,DALLAS MAVERICKS,109,90
2016-03-08 03:30:00+00:00,ORLANDO MAGIC,GOLDEN STATE WARRIORS,113,119
2016-03-09 00:30:00+00:00,BROOKLYN NETS,TORONTO RAPTORS,99,104
2016-03-09 01:00:00+00:00,SAN ANTONIO SPURS,MINNESOTA TIMBERWOLVES,116,91
2016-03-09 02:00:00+00:00,NEW YORK KNICKS,DENVER NUGGETS,94,110
2016-03-09 02:00:00+00:00,ATLANTA HAWKS,UTAH JAZZ,91,84
2016-03-09 03:00:00+00:00,WASHINGTON WIZARDS,PORTLAND TRAIL BLAZERS,109,116
2016-03-09 03:30:00+00:00,ORLANDO MAGIC,LOS ANGELES LAKERS,98,107
2016-03-10 00:00:00+00:00,MEMPHIS GRIZZLIES,BOSTON CELTICS,96,116
2016-03-10 00:00:00+00:00,NEW ORLEANS PELICANS,CHARLOTTE HORNETS,113,122
2016-03-10 00:00:00+00:00,HOUSTON ROCKETS,PHILADELPHIA 76ERS,118,104
2016-03-10 01:00:00+00:00,MIAMI HEAT,MILWAUKEE BUCKS,108,114
2016-03-10 01:30:00+00:00,DETROIT PISTONS,DALLAS MAVERICKS,102,96
2016-03-10 02:00:00+00:00,NEW YORK KNICKS,PHOENIX SUNS,128,97
2016-03-10 02:30:00+00:00,LOS ANGELES CLIPPERS,OKLAHOMA CITY THUNDER,108,120
2016-03-10 03:00:00+00:00,CLEVELAND CAVALIERS,SACRAMENTO KINGS,120,111
2016-03-10 03:30:00+00:00,UTAH JAZZ,GOLDEN STATE WARRIORS,94,115
2016-03-11 00:30:00+00:00,ATLANTA HAWKS,TORONTO RAPTORS,96,104
2016-03-11 01:00:00+00:00,CHICAGO BULLS,SAN ANTONIO SPURS,101,109
2016-03-11 02:00:00+00:00,PHOENIX SUNS,DENVER NUGGETS,98,116
2016-03-11 03:30:00+00:00,CLEVELAND CAVALIERS,LOS ANGELES LAKERS,120,108
2016-03-12 00:00:00+00:00,DETROIT PISTONS,CHARLOTTE HORNETS,103,118
2016-03-12 00:00:00+00:00,BROOKLYN NETS,PHILADELPHIA 76ERS,89,95
2016-03-12 00:30:00+00:00,HOUSTON ROCKETS,BOSTON CELTICS,102,98
2016-03-12 01:00:00+00:00,MIAMI HEAT,CHICAGO BULLS,118,96
2016-03-12 01:00:00+00:00,NEW ORLEANS PELICANS,MEMPHIS GRIZZLIES,114,121
2016-03-12 01:00:00+00:00,MINNESOTA TIMBERWOLVES,OKLAHOMA CITY THUNDER,99,96
2016-03-12 02:00:00+00:00,WASHINGTON WIZARDS,UTAH JAZZ,93,114
2016-03-12 03:00:00+00:00,ORLANDO MAGIC,SACRAMENTO KINGS,107,100
2016-03-12 03:30:00+00:00,PORTLAND TRAIL BLAZERS,GOLDEN STATE WARRIORS,112,128
2016-03-12 03:30:00+00:00,NEW YORK KNICKS,LOS ANGELES CLIPPERS,94,101
2016-03-12 19:00:00+00:00,INDIANA PACERS,DALLAS MAVERICKS,112,105
2016-03-13 00:00:00+00:00,HOUSTON ROCKETS,CHARLOTTE HORNETS,109,125
2016-03-13 00:00:00+00:00,DETROIT PISTONS,PHILADELPHIA 76ERS,125,111
2016-03-13 00:00:00+00:00,MIAMI HEAT,TORONTO RAPTORS,104,112
2016-03-13 00:30:00+00:00,MEMPHIS GRIZZLIES,ATLANTA HAWKS,83,95
2016-03-13 00:30:00+00:00,NEW ORLEANS PELICANS,MILWAUKEE BUCKS,92,103
2016-03-13 01:30:00+00:00,OKLAHOMA CITY THUNDER,SAN ANTONIO SPURS,85,93
2016-03-13 02:30:00+00:00,WASHINGTON WIZARDS,DENVER NUGGETS,100,116
2016-03-13 03:30:00+00:00,PHOENIX SUNS,GOLDEN STATE WARRIORS,116,123
2016-03-13 03:30:00+00:00,ORLANDO MAGIC,PORTLAND TRAIL BLAZERS,84,121
2016-03-13 19:30:00+00:00,CLEVELAND CAVALIERS,LOS ANGELES CLIPPERS,114,90
2016-03-13 22:00:00+00:00,INDIANA PACERS,ATLANTA HAWKS,75,104
2016-03-13 22:00:00+00:00,UTAH JAZZ,SACRAMENTO KINGS,108,99
2016-03-14 00:00:00+00:00,MILWAUKEE BUCKS,BROOKLYN NETS,109,100
2016-03-14 01:30:00+00:00,NEW YORK KNICKS,LOS ANGELES LAKERS,90,87
2016-03-14 23:00:00+00:00,DALLAS MAVERICKS,CHARLOTTE HORNETS,107,96
2016-03-14 23:30:00+00:00,DENVER NUGGETS,MIAMI HEAT,119,124
2016-03-14 23:30:00+00:00,CHICAGO BULLS,TORONTO RAPTORS,109,107
2016-03-15 00:00:00+00:00,MEMPHIS GRIZZLIES,HOUSTON ROCKETS,81,130
2016-03-15 00:00:00+00:00,PORTLAND TRAIL BLAZERS,OKLAHOMA CITY THUNDER,94,128
2016-03-15 00:00:00+00:00,DETROIT PISTONS,WASHINGTON WIZARDS,81,124
2016-03-15 02:00:00+00:00,MINNESOTA TIMBERWOLVES,PHOENIX SUNS,104,107
2016-03-15 02:30:00+00:00,NEW ORLEANS PELICANS,GOLDEN STATE WARRIORS,107,125
2016-03-15 02:30:00+00:00,CLEVELAND CAVALIERS,UTAH JAZZ,85,94
2016-03-15 23:00:00+00:00,BOSTON CELTICS,INDIANA PACERS,98,103
2016-03-15 23:00:00+00:00,DENVER NUGGETS,ORLANDO MAGIC,110,116
2016-03-15 23:30:00+00:00,PHILADELPHIA 76ERS,BROOKLYN NETS,114,131
2016-03-16 00:00:00+00:00,TORONTO RAPTORS,MILWAUKEE BUCKS,107,89
2016-03-16 00:30:00+00:00,LOS ANGELES CLIPPERS,SAN ANTONIO SPURS,87,108
2016-03-16 02:30:00+00:00,SACRAMENTO KINGS,LOS ANGELES LAKERS,106,98
2016-03-16 23:00:00+00:00,OKLAHOMA CITY THUNDER,BOSTON CELTICS,130,109
2016-03-16 23:00:00+00:00,ORLANDO MAGIC,CHARLOTTE HORNETS,99,107
2016-03-16 23:00:00+00:00,DALLAS MAVERICKS,CLEVELAND CAVALIERS,98,99
2016-03-16 23:00:00+00:00,CHICAGO BULLS,WASHINGTON WIZARDS,96,117
2016-03-16 23:30:00+00:00,ATLANTA HAWKS,DETROIT PISTONS,118,114
2016-03-17 00:00:00+00:00,MINNESOTA TIMBERWOLVES,MEMPHIS GRIZZLIES,114,108
2016-03-17 01:30:00+00:00,LOS ANGELES CLIPPERS,HOUSTON ROCKETS,122,106
2016-03-17 02:00:00+00:00,NEW ORLEANS PELICANS,SACRAMENTO KINGS,123,108
2016-03-17 02:30:00+00:00,NEW YORK KNICKS,GOLDEN STATE WARRIORS,85,121
2016-03-17 23:00:00+00:00,TORONTO RAPTORS,INDIANA PACERS,101,94
2016-03-17 23:00:00+00:00,WASHINGTON WIZARDS,PHILADELPHIA 76ERS,99,94
2016-03-17 23:30:00+00:00,CHARLOTTE HORNETS,MIAMI HEAT,109,106
2016-03-18 00:00:00+00:00,DENVER NUGGETS,ATLANTA HAWKS,98,116
2016-03-18 00:00:00+00:00,BROOKLYN NETS,CHICAGO BULLS,102,118
2016-03-18 00:00:00+00:00,MEMPHIS GRIZZLIES,MILWAUKEE BUCKS,86,96
2016-03-18 00:30:00+00:00,PORTLAND TRAIL BLAZERS,SAN ANTONIO SPURS,110,118
2016-03-18 01:00:00+00:00,PHOENIX SUNS,UTAH JAZZ,69,103
2016-03-18 23:00:00+00:00,CLEVELAND CAVALIERS,ORLANDO MAGIC,109,103
2016-03-18 23:00:00+00:00,OKLAHOMA CITY THUNDER,PHILADELPHIA 76ERS,111,97
2016-03-18 23:30:00+00:00,SACRAMENTO KINGS,DETROIT PISTONS,108,115
2016-03-18 23:30:00+00:00,BOSTON CELTICS,TORONTO RAPTORS,91,105
2016-03-19 00:00:00+00:00,MINNESOTA TIMBERWOLVES,HOUSTON ROCKETS,111,116
2016-03-19 00:00:00+00:00,PORTLAND TRAIL BLAZERS,NEW ORLEANS PELICANS,117,112
2016-03-19 00:30:00+00:00,GOLDEN STATE WARRIORS,DALLAS MAVERICKS,130,112
2016-03-19 02:30:00+00:00,PHOENIX SUNS,LOS ANGELES LAKERS,95,90
2016-03-19 22:00:00+00:00,DENVER NUGGETS,CHARLOTTE HORNETS,101,93
2016-03-19 23:00:00+00:00,BROOKLYN NETS,DETROIT PISTONS,103,115
2016-03-19 23:00:00+00:00,OKLAHOMA CITY THUNDER,INDIANA PACERS,115,111
2016-03-19 23:00:00+00:00,NEW YORK KNICKS,WASHINGTON WIZARDS,89,99
2016-03-19 23:30:00+00:00,HOUSTON ROCKETS,ATLANTA HAWKS,97,109
2016-03-19 23:30:00+00:00,CLEVELAND CAVALIERS,MIAMI HEAT,101,122
2016-03-20 00:00:00+00:00,UTAH JAZZ,CHICAGO BULLS,85,92
2016-03-20 00:00:00+00:00,LOS ANGELES CLIPPERS,MEMPHIS GRIZZLIES,102,113
2016-03-20 00:30:00+00:00,GOLDEN STATE WARRIORS,SAN ANTONIO SPURS,79,87
2016-03-20 20:00:00+00:00,PORTLAND TRAIL BLAZERS,DALLAS MAVERICKS,120,132
2016-03-20 20:30:00+00:00,ORLANDO MAGIC,TORONTO RAPTORS,100,105
2016-03-20 22:00:00+00:00,LOS ANGELES CLIPPERS,NEW ORLEANS PELICANS,105,109
2016-03-20 22:00:00+00:00,BOSTON CELTICS,PHILADELPHIA 76ERS,120,105
2016-03-20 23:00:00+00:00,UTAH JAZZ,MILWAUKEE BUCKS,94,85
2016-03-20 23:30:00+00:00,SACRAMENTO KINGS,NEW YORK KNICKS,88,80
2016-03-21 23:00:00+00:00,SAN ANTONIO SPURS,CHARLOTTE HORNETS,88,91
2016-03-21 23:00:00+00:00,DENVER NUGGETS,CLEVELAND CAVALIERS,91,124
2016-03-21 23:00:00+00:00,PHILADELPHIA 76ERS,INDIANA PACERS,75,91
2016-03-21 23:30:00+00:00,ORLANDO MAGIC,BOSTON CELTICS,96,107
2016-03-21 23:30:00+00:00,MILWAUKEE BUCKS,DETROIT PISTONS,91,92
2016-03-22 00:00:00+00:00,WASHINGTON WIZARDS,ATLANTA HAWKS,117,102
2016-03-22 00:00:00+00:00,SACRAMENTO KINGS,CHICAGO BULLS,102,109
2016-03-22 00:00:00+00:00,GOLDEN STATE WARRIORS,MINNESOTA TIMBERWOLVES,109,104
2016-03-22 02:00:00+00:00,MEMPHIS GRIZZLIES,PHOENIX SUNS,103,97
2016-03-22 23:30:00+00:00,CHARLOTTE HORNETS,BROOKLYN NETS,105,100
2016-03-23 00:00:00+00:00,MIAMI HEAT,NEW ORLEANS PELICANS,113,99
2016-03-23 00:00:00+00:00,HOUSTON ROCKETS,OKLAHOMA CITY THUNDER,107,111
2016-03-23 02:30:00+00:00,MEMPHIS GRIZZLIES,LOS ANGELES LAKERS,100,107
2016-03-23 23:00:00+00:00,MILWAUKEE BUCKS,CLEVELAND CAVALIERS,104,113
2016-03-23 23:00:00+00:00,ATLANTA HAWKS,WASHINGTON WIZARDS,122,101
2016-03-23 23:30:00+00:00,TORONTO RAPTORS,BOSTON CELTICS,79,91
2016-03-23 23:30:00+00:00,ORLANDO MAGIC,DETROIT PISTONS,102,118
2016-03-24 00:00:00+00:00,NEW YORK KNICKS,CHICAGO BULLS,115,107
2016-03-24 00:00:00+00:00,UTAH JAZZ,HOUSTON ROCKETS,89,87
2016-03-24 00:00:00+00:00,SACRAMENTO KINGS,MINNESOTA TIMBERWOLVES,104,113
2016-03-24 00:30:00+00:00,MIAMI HEAT,SAN ANTONIO SPURS,88,112
2016-03-24 01:00:00+00:00,PHILADELPHIA 76ERS,DENVER NUGGETS,103,104
2016-03-24 02:00:00+00:00,LOS ANGELES LAKERS,PHOENIX SUNS,107,119
2016-03-24 02:00:00+00:00,DALLAS MAVERICKS,PORTLAND TRAIL BLAZERS,103,109
2016-03-24 02:30:00+00:00,LOS ANGELES CLIPPERS,GOLDEN STATE WARRIORS,98,114
2016-03-24 23:00:00+00:00,NEW ORLEANS PELICANS,INDIANA PACERS,84,92
2016-03-24 23:30:00+00:00,CLEVELAND CAVALIERS,BROOKLYN NETS,95,104
2016-03-24 23:30:00+00:00,CHICAGO BULLS,NEW YORK KNICKS,94,106
2016-03-25 00:00:00+00:00,UTAH JAZZ,OKLAHOMA CITY THUNDER,91,113
2016-03-25 02:30:00+00:00,PORTLAND TRAIL BLAZERS,LOS ANGELES CLIPPERS,94,96
2016-03-25 23:00:00+00:00,MINNESOTA TIMBERWOLVES,WASHINGTON WIZARDS,132,129
2016-03-25 23:30:00+00:00,CHARLOTTE HORNETS,DETROIT PISTONS,105,112
2016-03-26 00:00:00+00:00,MILWAUKEE BUCKS,ATLANTA HAWKS,90,101
2016-03-26 00:00:00+00:00,TORONTO RAPTORS,HOUSTON ROCKETS,109,112
2016-03-26 00:00:00+00:00,ORLANDO MAGIC,MIAMI HEAT,97,108
2016-03-26 00:30:00+00:00,MEMPHIS GRIZZLIES,SAN ANTONIO SPURS,104,110
2016-03-26 02:00:00+00:00,PHOENIX SUNS,SACRAMENTO KINGS,94,116
2016-03-26 02:30:00+00:00,DALLAS MAVERICKS,GOLDEN STATE WARRIORS,120,128
2016-03-26 02:30:00+00:00,DENVER NUGGETS,LOS ANGELES LAKERS,116,105
2016-03-26 22:00:00+00:00,INDIANA PACERS,BROOKLYN NETS,110,120
2016-03-26 23:00:00+00:00,TORONTO RAPTORS,NEW ORLEANS PELICANS,115,91
2016-03-26 23:00:00+00:00,CHICAGO BULLS,ORLANDO MAGIC,89,111
2016-03-26 23:30:00+00:00,ATLANTA HAWKS,DETROIT PISTONS,112,95
2016-03-26 23:30:00+00:00,CLEVELAND CAVALIERS,NEW YORK KNICKS,107,93
2016-03-27 00:00:00+00:00,UTAH JAZZ,MINNESOTA TIMBERWOLVES,93,84
2016-03-27 00:00:00+00:00,SAN ANTONIO SPURS,OKLAHOMA CITY THUNDER,92,111
2016-03-27 00:30:00+00:00,CHARLOTTE HORNETS,MILWAUKEE BUCKS,115,91
2016-03-27 02:00:00+00:00,BOSTON CELTICS,PHOENIX SUNS,102,99
2016-03-27 02:00:00+00:00,PHILADELPHIA 76ERS,PORTLAND TRAIL BLAZERS,105,108
2016-03-27 19:30:00+00:00,DENVER NUGGETS,LOS ANGELES CLIPPERS,90,105
2016-03-27 22:00:00+00:00,HOUSTON ROCKETS,INDIANA PACERS,101,104
2016-03-27 22:00:00+00:00,DALLAS MAVERICKS,SACRAMENTO KINGS,111,133
2016-03-28 00:00:00+00:00,PHILADELPHIA 76ERS,GOLDEN STATE WARRIORS,105,117
2016-03-28 01:30:00+00:00,WASHINGTON WIZARDS,LOS ANGELES LAKERS,101,88
2016-03-28 23:30:00+00:00,BROOKLYN NETS,MIAMI HEAT,99,110
2016-03-28 23:30:00+00:00,OKLAHOMA CITY THUNDER,TORONTO RAPTORS,119,100
2016-03-29 00:00:00+00:00,ATLANTA HAWKS,CHICAGO BULLS,102,100
2016-03-29 00:00:00+00:00,SAN ANTONIO SPURS,MEMPHIS GRIZZLIES,101,87
2016-03-29 00:00:00+00:00,PHOENIX SUNS,MINNESOTA TIMBERWOLVES,116,121
2016-03-29 00:00:00+00:00,NEW YORK KNICKS,NEW ORLEANS PELICANS,91,99
2016-03-29 01:00:00+00:00,DALLAS MAVERICKS,DENVER NUGGETS,97,88
2016-03-29 01:00:00+00:00,LOS ANGELES LAKERS,UTAH JAZZ,75,123
2016-03-29 02:00:00+00:00,SACRAMENTO KINGS,PORTLAND TRAIL BLAZERS,93,105
2016-03-29 02:30:00+00:00,BOSTON CELTICS,LOS ANGELES CLIPPERS,90,114
2016-03-29 23:00:00+00:00,CHICAGO BULLS,INDIANA PACERS,98,96
2016-03-29 23:00:00+00:00,BROOKLYN NETS,ORLANDO MAGIC,105,139
2016-03-29 23:00:00+00:00,CHARLOTTE HORNETS,PHILADELPHIA 76ERS,100,85
2016-03-29 23:30:00+00:00,OKLAHOMA CITY THUNDER,DETROIT PISTONS,82,88
2016-03-30 00:00:00+00:00,HOUSTON ROCKETS,CLEVELAND CAVALIERS,106,100
2016-03-30 02:30:00+00:00,WASHINGTON WIZARDS,GOLDEN STATE WARRIORS,94,102
2016-03-30 23:30:00+00:00,ATLANTA HAWKS,TORONTO RAPTORS,97,105
2016-03-31 00:00:00+00:00,DENVER NUGGETS,MEMPHIS GRIZZLIES,109,105
2016-03-31 00:00:00+00:00,PHOENIX SUNS,MILWAUKEE BUCKS,94,105
2016-03-31 00:00:00+00:00,LOS ANGELES CLIPPERS,MINNESOTA TIMBERWOLVES,99,79
2016-03-31 00:30:00+00:00,NEW YORK KNICKS,DALLAS MAVERICKS,89,91
2016-03-31 00:30:00+00:00,NEW ORLEANS PELICANS,SAN ANTONIO SPURS,92,100
2016-03-31 01:00:00+00:00,GOLDEN STATE WARRIORS,UTAH JAZZ,103,96
2016-03-31 02:00:00+00:00,WASHINGTON WIZARDS,SACRAMENTO KINGS,111,120
2016-03-31 02:30:00+00:00,MIAMI HEAT,LOS ANGELES LAKERS,100,102
2016-03-31 23:00:00+00:00,BROOKLYN NETS,CLEVELAND CAVALIERS,87,107
2016-03-31 23:00:00+00:00,CHICAGO BULLS,HOUSTON ROCKETS,103,100
2016-03-31 23:00:00+00:00,ORLANDO MAGIC,INDIANA PACERS,114,94
2016-04-01 00:00:00+00:00,DENVER NUGGETS,NEW ORLEANS PELICANS,95,101
2016-04-01 01:30:00+00:00,LOS ANGELES CLIPPERS,OKLAHOMA CITY THUNDER,117,119
2016-04-01 02:00:00+00:00,BOSTON CELTICS,PORTLAND TRAIL BLAZERS,109,116
2016-04-01 23:00:00+00:00,PHILADELPHIA 76ERS,CHARLOTTE HORNETS,91,100
2016-04-01 23:30:00+00:00,DALLAS MAVERICKS,DETROIT PISTONS,98,89
2016-04-01 23:30:00+00:00,BROOKLYN NETS,NEW YORK KNICKS,91,105
2016-04-02 00:00:00+00:00,CLEVELAND CAVALIERS,ATLANTA HAWKS,110,108
2016-04-02 00:00:00+00:00,TORONTO RAPTORS,MEMPHIS GRIZZLIES,99,95
2016-04-02 00:00:00+00:00,ORLANDO MAGIC,MILWAUKEE BUCKS,110,113
2016-04-02 01:00:00+00:00,MINNESOTA TIMBERWOLVES,UTAH JAZZ,85,98
2016-04-02 02:00:00+00:00,MIAMI HEAT,SACRAMENTO KINGS,112,106
2016-04-02 02:30:00+00:00,BOSTON CELTICS,GOLDEN STATE WARRIORS,109,106
2016-04-02 02:30:00+00:00,WASHINGTON WIZARDS,PHOENIX SUNS,106,99
2016-04-02 23:30:00+00:00,INDIANA PACERS,PHILADELPHIA 76ERS,115,102
2016-04-03 00:00:00+00:00,DETROIT PISTONS,CHICAGO BULLS,94,90
2016-04-03 00:30:00+00:00,TORONTO RAPTORS,SAN ANTONIO SPURS,95,102
2016-04-03 01:00:00+00:00,SACRAMENTO KINGS,DENVER NUGGETS,115,106
2016-04-03 02:00:00+00:00,MIAMI HEAT,PORTLAND TRAIL BLAZERS,93,110
2016-04-03 17:00:00+00:00,NEW ORLEANS PELICANS,BROOKLYN NETS,106,87
2016-04-03 19:30:00+00:00,CHARLOTTE HORNETS,CLEVELAND CAVALIERS,103,112
2016-04-03 19:30:00+00:00,OKLAHOMA CITY THUNDER,HOUSTON ROCKETS,110,118
2016-04-03 19:30:00+00:00,WASHINGTON WIZARDS,LOS ANGELES CLIPPERS,109,114
2016-04-03 19:30:00+00:00,DALLAS MAVERICKS,MINNESOTA TIMBERWOLVES,88,78
2016-04-03 22:00:00+00:00,MEMPHIS GRIZZLIES,ORLANDO MAGIC,107,119
2016-04-03 22:00:00+00:00,UTAH JAZZ,PHOENIX SUNS,101,86
2016-04-03 23:00:00+00:00,CHICAGO BULLS,MILWAUKEE BUCKS,102,98
2016-04-03 23:30:00+00:00,INDIANA PACERS,NEW YORK KNICKS,92,87
2016-04-04 00:00:00+00:00,PORTLAND TRAIL BLAZERS,GOLDEN STATE WARRIORS,111,136
2016-04-04 01:30:00+00:00,BOSTON CELTICS,LOS ANGELES LAKERS,107,100
2016-04-05 23:00:00+00:00,NEW ORLEANS PELICANS,PHILADELPHIA 76ERS,93,107
2016-04-05 23:30:00+00:00,CHARLOTTE HORNETS,TORONTO RAPTORS,90,96
2016-04-06 00:00:00+00:00,PHOENIX SUNS,ATLANTA HAWKS,90,103
2016-04-06 00:00:00+00:00,CHICAGO BULLS,MEMPHIS GRIZZLIES,92,108
2016-04-06 00:00:00+00:00,DETROIT PISTONS,MIAMI HEAT,89,107
2016-04-06 00:00:00+00:00,CLEVELAND CAVALIERS,MILWAUKEE BUCKS,109,80
2016-04-06 01:00:00+00:00,OKLAHOMA CITY THUNDER,DENVER NUGGETS,124,102
2016-04-06 01:00:00+00:00,SAN ANTONIO SPURS,UTAH JAZZ,88,86
2016-04-06 02:00:00+00:00,PORTLAND TRAIL BLAZERS,SACRAMENTO KINGS,115,107
2016-04-06 02:30:00+00:00,MINNESOTA TIMBERWOLVES,GOLDEN STATE WARRIORS,124,117
2016-04-06 02:30:00+00:00,LOS ANGELES LAKERS,LOS ANGELES CLIPPERS,81,103
2016-04-06 23:00:00+00:00,CLEVELAND CAVALIERS,INDIANA PACERS,109,123
2016-04-06 23:00:00+00:00,DETROIT PISTONS,ORLANDO MAGIC,108,104
2016-04-06 23:00:00+00:00,BROOKLYN NETS,WASHINGTON WIZARDS,103,121
2016-04-06 23:30:00+00:00,NEW ORLEANS PELICANS,BOSTON CELTICS,97,104
2016-04-06 23:30:00+00:00,CHARLOTTE HORNETS,NEW YORK KNICKS,111,97
2016-04-07 01:30:00+00:00,HOUSTON ROCKETS,DALLAS MAVERICKS,86,88
2016-04-07 02:00:00+00:00,OKLAHOMA CITY THUNDER,PORTLAND TRAIL BLAZERS,115,120
2016-04-07 02:30:00+00:00,LOS ANGELES CLIPPERS,LOS ANGELES LAKERS,91,81
2016-04-08 00:00:00+00:00,TORONTO RAPTORS,ATLANTA HAWKS,87,95
2016-04-08 00:00:00+00:00,PHOENIX SUNS,HOUSTON ROCKETS,124,115
2016-04-08 00:00:00+00:00,CHICAGO BULLS,MIAMI HEAT,98,106
2016-04-08 02:00:00+00:00,MINNESOTA TIMBERWOLVES,SACRAMENTO KINGS,105,97
2016-04-08 02:30:00+00:00,SAN ANTONIO SPURS,GOLDEN STATE WARRIORS,101,112
2016-04-08 23:00:00+00:00,BROOKLYN NETS,CHARLOTTE HORNETS,99,113
2016-04-08 23:00:00+00:00,MIAMI HEAT,ORLANDO MAGIC,109,112
2016-04-08 23:00:00+00:00,NEW YORK KNICKS,PHILADELPHIA 76ERS,109,102
2016-04-08 23:30:00+00:00,MILWAUKEE BUCKS,BOSTON CELTICS,109,124
2016-04-08 23:30:00+00:00,WASHINGTON WIZARDS,DETROIT PISTONS,99,112
2016-04-08 23:30:00+00:00,INDIANA PACERS,TORONTO RAPTORS,98,111
2016-04-09 00:00:00+00:00,LOS ANGELES LAKERS,NEW ORLEANS PELICANS,102,110
2016-04-09 00:30:00+00:00,MEMPHIS GRIZZLIES,DALLAS MAVERICKS,93,103
2016-04-09 01:00:00+00:00,SAN ANTONIO SPURS,DENVER NUGGETS,98,102
2016-04-09 01:00:00+00:00,LOS ANGELES CLIPPERS,UTAH JAZZ,102,99
2016-04-09 23:00:00+00:00,PHOENIX SUNS,NEW ORLEANS PELICANS,121,100
2016-04-09 23:30:00+00:00,BOSTON CELTICS,ATLANTA HAWKS,107,118
2016-04-10 00:00:00+00:00,GOLDEN STATE WARRIORS,MEMPHIS GRIZZLIES,100,99
2016-04-10 00:30:00+00:00,CLEVELAND CAVALIERS,CHICAGO BULLS,102,105
2016-04-10 02:30:00+00:00,MINNESOTA TIMBERWOLVES,PORTLAND TRAIL BLAZERS,106,105
2016-04-10 02:30:00+00:00,OKLAHOMA CITY THUNDER,SACRAMENTO KINGS,112,114
2016-04-10 16:00:00+00:00,CHARLOTTE HORNETS,WASHINGTON WIZARDS,98,113
2016-04-10 19:30:00+00:00,LOS ANGELES LAKERS,HOUSTON ROCKETS,110,130
2016-04-10 19:30:00+00:00,DALLAS MAVERICKS,LOS ANGELES CLIPPERS,91,98
2016-04-10 21:00:00+00:00,UTAH JAZZ,DENVER NUGGETS,100,84
2016-04-10 21:00:00+00:00,MILWAUKEE BUCKS,PHILADELPHIA 76ERS,109,108
2016-04-10 22:00:00+00:00,BROOKLYN NETS,INDIANA PACERS,105,129
2016-04-10 22:00:00+00:00,ORLANDO MAGIC,MIAMI HEAT,96,118
2016-04-10 23:00:00+00:00,GOLDEN STATE WARRIORS,SAN ANTONIO SPURS,92,86
2016-04-10 23:30:00+00:00,TORONTO RAPTORS,NEW YORK KNICKS,93,89
2016-04-11 23:00:00+00:00,ATLANTA HAWKS,CLEVELAND CAVALIERS,94,109
2016-04-11 23:00:00+00:00,MILWAUKEE BUCKS,ORLANDO MAGIC,98,107
2016-04-11 23:30:00+00:00,CHARLOTTE HORNETS,BOSTON CELTICS,114,100
2016-04-11 23:30:00+00:00,WASHINGTON WIZARDS,BROOKLYN NETS,120,111
2016-04-12 00:00:00+00:00,HOUSTON ROCKETS,MINNESOTA TIMBERWOLVES,129,105
2016-04-12 00:00:00+00:00,CHICAGO BULLS,NEW ORLEANS PELICANS,121,116
2016-04-12 00:00:00+00:00,LOS ANGELES LAKERS,OKLAHOMA CITY THUNDER,79,112
2016-04-12 01:00:00+00:00,DALLAS MAVERICKS,UTAH JAZZ,101,92
2016-04-12 02:00:00+00:00,SACRAMENTO KINGS,PHOENIX SUNS,105,101
2016-04-12 23:00:00+00:00,NEW YORK KNICKS,INDIANA PACERS,90,102
2016-04-12 23:30:00+00:00,MIAMI HEAT,DETROIT PISTONS,99,93
2016-04-12 23:30:00+00:00,PHILADELPHIA 76ERS,TORONTO RAPTORS,98,122
2016-04-13 00:00:00+00:00,OKLAHOMA CITY THUNDER,SAN ANTONIO SPURS,98,102
2016-04-13 02:30:00+00:00,MEMPHIS GRIZZLIES,LOS ANGELES CLIPPERS,84,110
2016-04-14 00:00:00+00:00,MIAMI HEAT,BOSTON CELTICS,88,98
2016-04-14 00:00:00+00:00,TORONTO RAPTORS,BROOKLYN NETS,103,96
2016-04-14 00:00:00+00:00,PHILADELPHIA 76ERS,CHICAGO BULLS,105,115
2016-04-14 00:00:00+00:00,ORLANDO MAGIC,CHARLOTTE HORNETS,103,117
2016-04-14 00:00:00+00:00,DETROIT PISTONS,CLEVELAND CAVALIERS,112,110
2016-04-14 00:00:00+00:00,SAN ANTONIO SPURS,DALLAS MAVERICKS,96,91
2016-04-14 00:00:00+00:00,SACRAMENTO KINGS,HOUSTON ROCKETS,81,116
2016-04-14 00:00:00+00:00,INDIANA PACERS,MILWAUKEE BUCKS,97,92
2016-04-14 00:00:00+00:00,NEW ORLEANS PELICANS,MINNESOTA TIMBERWOLVES,109,144
2016-04-14 00:00:00+00:00,ATLANTA HAWKS,WASHINGTON WIZARDS,98,109
2016-04-14 02:30:00+00:00,MEMPHIS GRIZZLIES,GOLDEN STATE WARRIORS,104,125
2016-04-14 02:30:00+00:00,UTAH JAZZ,LOS ANGELES LAKERS,96,101
2016-04-14 02:30:00+00:00,LOS ANGELES CLIPPERS,PHOENIX SUNS,105,114
2016-04-14 02:30:00+00:00,DENVER NUGGETS,PORTLAND TRAIL BLAZERS,99,107
2016-04-16 16:30:00+00:00,INDIANA PACERS,TORONTO RAPTORS,100,90
2016-04-16 19:30:00+00:00,HOUSTON ROCKETS,GOLDEN STATE WARRIORS,78,104
2016-04-16 23:00:00+00:00,BOSTON CELTICS,ATLANTA HAWKS,101,102
2016-04-17 01:30:00+00:00,DALLAS MAVERICKS,OKLAHOMA CITY THUNDER,70,108
2016-04-17 19:00:00+00:00,DETROIT PISTONS,CLEVELAND CAVALIERS,101,106
2016-04-17 21:30:00+00:00,CHARLOTTE HORNETS,MIAMI HEAT,91,123
2016-04-18 00:00:00+00:00,MEMPHIS GRIZZLIES,SAN ANTONIO SPURS,74,106
2016-04-18 02:30:00+00:00,PORTLAND TRAIL BLAZERS,LOS ANGELES CLIPPERS,95,115
2016-04-18 23:00:00+00:00,INDIANA PACERS,TORONTO RAPTORS,87,98
2016-04-19 00:00:00+00:00,DALLAS MAVERICKS,OKLAHOMA CITY THUNDER,85,84
2016-04-19 02:30:00+00:00,HOUSTON ROCKETS,GOLDEN STATE WARRIORS,106,115
2016-04-19 23:00:00+00:00,BOSTON CELTICS,ATLANTA HAWKS,72,89
2016-04-20 01:30:00+00:00,MEMPHIS GRIZZLIES,SAN ANTONIO SPURS,68,94
2016-04-20 23:00:00+00:00,CHARLOTTE HORNETS,MIAMI HEAT,103,115
2016-04-21 00:00:00+00:00,DETROIT PISTONS,CLEVELAND CAVALIERS,90,107
2016-04-21 02:30:00+00:00,PORTLAND TRAIL BLAZERS,LOS ANGELES CLIPPERS,81,102
2016-04-21 23:00:00+00:00,OKLAHOMA CITY THUNDER,DALLAS MAVERICKS,131,102
2016-04-21 23:30:00+00:00,TORONTO RAPTORS,INDIANA PACERS,101,85
2016-04-22 01:30:00+00:00,GOLDEN STATE WARRIORS,HOUSTON ROCKETS,96,97
2016-04-22 23:00:00+00:00,CLEVELAND CAVALIERS,DETROIT PISTONS,101,91
2016-04-23 00:00:00+00:00,ATLANTA HAWKS,BOSTON CELTICS,103,111
2016-04-23 01:30:00+00:00,SAN ANTONIO SPURS,MEMPHIS GRIZZLIES,96,87
2016-04-23 19:00:00+00:00,TORONTO RAPTORS,INDIANA PACERS,83,100
2016-04-23 21:30:00+00:00,MIAMI HEAT,CHARLOTTE HORNETS,80,96
2016-04-24 00:00:00+00:00,OKLAHOMA CITY THUNDER,DALLAS MAVERICKS,119,108
2016-04-24 02:30:00+00:00,LOS ANGELES CLIPPERS,PORTLAND TRAIL BLAZERS,88,96
2016-04-24 17:00:00+00:00,SAN ANTONIO SPURS,MEMPHIS GRIZZLIES,116,95
2016-04-24 19:30:00+00:00,GOLDEN STATE WARRIORS,HOUSTON ROCKETS,121,94
2016-04-24 22:00:00+00:00,ATLANTA HAWKS,BOSTON CELTICS,95,104
2016-04-25 00:30:00+00:00,CLEVELAND CAVALIERS,DETROIT PISTONS,100,98
2016-04-25 23:00:00+00:00,MIAMI HEAT,CHARLOTTE HORNETS,85,89
2016-04-26 00:00:00+00:00,DALLAS MAVERICKS,OKLAHOMA CITY THUNDER,104,118
2016-04-26 02:30:00+00:00,LOS ANGELES CLIPPERS,PORTLAND TRAIL BLAZERS,84,98
2016-04-26 22:00:00+00:00,INDIANA PACERS,TORONTO RAPTORS,99,102
2016-04-27 00:30:00+00:00,BOSTON CELTICS,ATLANTA HAWKS,83,110
2016-04-28 00:00:00+00:00,CHARLOTTE HORNETS,MIAMI HEAT,90,88
2016-04-28 02:00:00+00:00,PORTLAND TRAIL BLAZERS,LOS ANGELES CLIPPERS,108,98
2016-04-28 02:30:00+00:00,HOUSTON ROCKETS,GOLDEN STATE WARRIORS,81,114
2016-04-29 00:00:00+00:00,ATLANTA HAWKS,BOSTON CELTICS,104,92
2016-04-29 23:30:00+00:00,TORONTO RAPTORS,INDIANA PACERS,83,101
2016-04-30 00:00:00+00:00,MIAMI HEAT,CHARLOTTE HORNETS,97,90
2016-04-30 02:30:00+00:00,LOS ANGELES CLIPPERS,PORTLAND TRAIL BLAZERS,103,106
2016-05-01 00:30:00+00:00,OKLAHOMA CITY THUNDER,SAN ANTONIO SPURS,92,124
2016-05-01 17:00:00+00:00,CHARLOTTE HORNETS,MIAMI HEAT,73,106
2016-05-01 19:30:00+00:00,PORTLAND TRAIL BLAZERS,GOLDEN STATE WARRIORS,106,118
2016-05-02 00:00:00+00:00,INDIANA PACERS,TORONTO RAPTORS,84,89
2016-05-02 23:00:00+00:00,ATLANTA HAWKS,CLEVELAND CAVALIERS,93,104
2016-05-03 01:30:00+00:00,OKLAHOMA CITY THUNDER,SAN ANTONIO SPURS,98,97
2016-05-04 00:00:00+00:00,MIAMI HEAT,TORONTO RAPTORS,102,96
2016-05-04 02:30:00+00:00,PORTLAND TRAIL BLAZERS,GOLDEN STATE WARRIORS,99,110
2016-05-05 00:00:00+00:00,ATLANTA HAWKS,CLEVELAND CAVALIERS,98,123
2016-05-06 00:00:00+00:00,MIAMI HEAT,TORONTO RAPTORS,92,96
2016-05-06 23:00:00+00:00,CLEVELAND CAVALIERS,ATLANTA HAWKS,121,108
2016-05-07 01:30:00+00:00,SAN ANTONIO SPURS,OKLAHOMA CITY THUNDER,100,96
2016-05-07 21:00:00+00:00,TORONTO RAPTORS,MIAMI HEAT,95,91
2016-05-08 00:30:00+00:00,GOLDEN STATE WARRIORS,PORTLAND TRAIL BLAZERS,108,120
2016-05-08 19:30:00+00:00,CLEVELAND CAVALIERS,ATLANTA HAWKS,100,99
2016-05-09 00:00:00+00:00,SAN ANTONIO SPURS,OKLAHOMA CITY THUNDER,97,111
2016-05-10 00:00:00+00:00,TORONTO RAPTORS,MIAMI HEAT,87,94
2016-05-10 02:30:00+00:00,GOLDEN STATE WARRIORS,PORTLAND TRAIL BLAZERS,132,125
2016-05-11 00:00:00+00:00,OKLAHOMA CITY THUNDER,SAN ANTONIO SPURS,95,91
2016-05-12 00:00:00+00:00,MIAMI HEAT,TORONTO RAPTORS,91,99
2016-05-12 02:30:00+00:00,PORTLAND TRAIL BLAZERS,GOLDEN STATE WARRIORS,121,125
2016-05-13 00:30:00+00:00,SAN ANTONIO SPURS,OKLAHOMA CITY THUNDER,99,113
2016-05-14 00:00:00+00:00,TORONTO RAPTORS,MIAMI HEAT,91,103
2016-05-15 19:30:00+00:00,MIAMI HEAT,TORONTO RAPTORS,89,116
2016-05-17 01:00:00+00:00,OKLAHOMA CITY THUNDER,GOLDEN STATE WARRIORS,108,102
2016-05-18 00:30:00+00:00,TORONTO RAPTORS,CLEVELAND CAVALIERS,84,115
2016-05-19 01:00:00+00:00,OKLAHOMA CITY THUNDER,GOLDEN STATE WARRIORS,91,118
2016-05-20 00:30:00+00:00,TORONTO RAPTORS,CLEVELAND CAVALIERS,89,108
2016-05-22 00:30:00+00:00,CLEVELAND CAVALIERS,TORONTO RAPTORS,84,99
2016-05-23 00:00:00+00:00,GOLDEN STATE WARRIORS,OKLAHOMA CITY THUNDER,105,133
2016-05-24 00:30:00+00:00,CLEVELAND CAVALIERS,TORONTO RAPTORS,99,105
2016-05-25 01:00:00+00:00,GOLDEN STATE WARRIORS,OKLAHOMA CITY THUNDER,94,118
2016-05-26 00:30:00+00:00,TORONTO RAPTORS,CLEVELAND CAVALIERS,78,116
2016-05-27 01:00:00+00:00,OKLAHOMA CITY THUNDER,GOLDEN STATE WARRIORS,111,120
2016-05-28 00:30:00+00:00,CLEVELAND CAVALIERS,TORONTO RAPTORS,113,87
2016-05-29 01:00:00+00:00,GOLDEN STATE WARRIORS,OKLAHOMA CITY THUNDER,108,101
2016-05-31 01:00:00+00:00,OKLAHOMA CITY THUNDER,GOLDEN STATE WARRIORS,88,96
2016-06-03 01:00:00+00:00,CLEVELAND CAVALIERS,GOLDEN STATE WARRIORS,89,104
2016-06-06 00:00:00+00:00,CLEVELAND CAVALIERS,GOLDEN STATE WARRIORS,77,110
2016-06-09 01:00:00+00:00,GOLDEN STATE WARRIORS,CLEVELAND CAVALIERS,90,120
2016-06-11 01:00:00+00:00,GOLDEN STATE WARRIORS,CLEVELAND CAVALIERS,108,97
2016-06-14 01:00:00+00:00,CLEVELAND CAVALIERS,GOLDEN STATE WARRIORS,112,97
2016-06-17 01:00:00+00:00,GOLDEN STATE WARRIORS,CLEVELAND CAVALIERS,101,115
2016-06-20 00:00:00+00:00,CLEVELAND CAVALIERS,GOLDEN STATE WARRIORS,93,89
